id,client_id,user_id,program_id,portfolio_id,period_start,period_end,kwh_saved,co2_lbs_avoided,cost_savings_usd,recorded_at
01710f22-b005-4e81-be86-b64a791478be,c1ea2000-0000-0000-0000-000000000001,e5f3a5d9-a760-452f-9105-0519c2bb0cf6,c1ea2000-0000-0000-0000-000000000010,c1ea2000-0000-0000-0000-000000000002,2025-05-01,2025-05-31,53901.51,50749.36,7023.00,2026-03-24 17:00:03.152763+00
0176bb20-e10b-4c8f-b1e0-d3ff89ba5c4d,c1ea2000-0000-0000-0000-000000000001,05e3234c-2fc2-46bd-9b42-5be429fc8434,c1ea2000-0000-0000-0000-000000000010,c1ea2000-0000-0000-0000-000000000002,2025-11-01,2025-11-30,48728.23,50832.01,7093.14,2026-03-24 17:00:03.152763+00
02004fcc-a6e6-4ff6-b6d4-9abf90ff5a85,c1ea2000-0000-0000-0000-000000000001,c8928f84-99e2-4228-9845-324babca3c32,c1ea2000-0000-0000-0000-000000000011,c1ea2000-0000-0000-0000-000000000002,2025-07-01,2025-07-31,34619.17,33486.50,5071.47,2026-03-24 17:00:03.152763+00
050033ef-903c-41dd-b69d-5ac84111286d,c1ea2000-0000-0000-0000-000000000001,2d3ddf43-4e89-4199-b434-1c13bb30c524,c1ea2000-0000-0000-0000-000000000031,c1ea2000-0000-0000-0000-000000000004,2025-07-01,2025-07-31,34780.97,29224.53,4730.38,2026-03-24 17:00:03.152763+00
07e5d91a-c386-41c6-ae4e-db237da5d57d,c1ea2000-0000-0000-0000-000000000001,e83eaf14-c744-4244-b307-0344f42d105b,c1ea2000-0000-0000-0000-000000000022,c1ea2000-0000-0000-0000-000000000003,2025-10-01,2025-10-31,10610.68,8922.33,1359.61,2026-03-24 17:00:03.152763+00
09a729e4-4f5e-4410-b563-74d384e4776f,c1ea2000-0000-0000-0000-000000000001,2d98ef62-1f2a-4a40-82bf-c7dc3801e02d,c1ea2000-0000-0000-0000-000000000020,c1ea2000-0000-0000-0000-000000000003,2026-03-01,2026-03-31,32641.39,28313.71,3927.39,2026-03-24 17:00:03.152763+00
09d9e4ff-b81f-4a12-8887-7716da0feba2,c1ea2000-0000-0000-0000-000000000001,89cb388e-dbeb-416b-a6db-ccd8c82bab69,c1ea2000-0000-0000-0000-000000000030,c1ea2000-0000-0000-0000-000000000004,2025-11-01,2025-11-30,43953.48,40523.97,6077.53,2026-03-24 17:00:03.152763+00
0db84234-a498-4fa9-adf7-2e3fbaed0d71,c1ea2000-0000-0000-0000-000000000001,63a3fae7-ddf5-4de6-b072-6e1f343df393,c1ea2000-0000-0000-0000-000000000022,c1ea2000-0000-0000-0000-000000000003,2025-02-01,2025-02-28,9292.95,9709.66,1279.46,2026-03-24 17:00:03.152763+00
1253eef2-c44b-4f14-94aa-63c68b04bb07,c1ea2000-0000-0000-0000-000000000001,dd9403dd-0094-496b-857c-97f5ab729001,c1ea2000-0000-0000-0000-000000000011,c1ea2000-0000-0000-0000-000000000002,2025-06-01,2025-06-30,33803.03,31772.48,4532.13,2026-03-24 17:00:03.152763+00
1381c20d-3f1a-4c42-9d8c-757697d509ef,c1ea2000-0000-0000-0000-000000000001,fdd6ea34-fd60-4b54-bf80-1cf0f056bd23,c1ea2000-0000-0000-0000-000000000021,c1ea2000-0000-0000-0000-000000000003,2025-11-01,2025-11-30,18477.51,19168.80,2545.28,2026-03-24 17:00:03.152763+00
17a268b6-b5d4-4ad8-837e-c9c8742ce76d,c1ea2000-0000-0000-0000-000000000001,0eae2cee-81e4-4817-aee2-025242a0f980,c1ea2000-0000-0000-0000-000000000011,c1ea2000-0000-0000-0000-000000000002,2025-02-01,2025-02-28,35463.57,30571.96,4925.19,2026-03-24 17:00:03.152763+00
19884537-1f43-408b-ab95-6d35121a4154,c1ea2000-0000-0000-0000-000000000001,63a3fae7-ddf5-4de6-b072-6e1f343df393,c1ea2000-0000-0000-0000-000000000031,c1ea2000-0000-0000-0000-000000000004,2025-06-01,2025-06-30,32064.20,28906.70,4373.88,2026-03-24 17:00:03.152763+00
219fc13f-29c6-46b8-a031-08d4a660f4e9,c1ea2000-0000-0000-0000-000000000001,22aa407f-4568-4274-9eef-2b81aab5863c,c1ea2000-0000-0000-0000-000000000012,c1ea2000-0000-0000-0000-000000000002,2026-01-01,2026-01-31,24701.60,22735.12,3134.59,2026-03-24 17:00:03.152763+00
23151667-5b1c-48b0-a596-63db83b4123a,c1ea2000-0000-0000-0000-000000000001,51100667-6228-4eee-9d51-22826a5bf053,c1ea2000-0000-0000-0000-000000000022,c1ea2000-0000-0000-0000-000000000003,2025-04-01,2025-04-30,10617.45,9782.54,1298.20,2026-03-24 17:00:03.152763+00
240ce8fc-16ae-49ad-9214-d762c3c06280,c1ea2000-0000-0000-0000-000000000001,0a2955b9-94df-4122-b25b-3f9ac41f4908,c1ea2000-0000-0000-0000-000000000021,c1ea2000-0000-0000-0000-000000000003,2026-01-01,2026-01-31,20719.31,17879.26,2608.17,2026-03-24 17:00:03.152763+00
257b9b25-b18a-40bc-956e-9e4e735f60fa,c1ea2000-0000-0000-0000-000000000001,f33845b1-4a35-45e2-b3ab-4dd9b33c8eb1,c1ea2000-0000-0000-0000-000000000030,c1ea2000-0000-0000-0000-000000000004,2025-05-01,2025-05-31,42848.28,38797.61,6249.70,2026-03-24 17:00:03.152763+00
262444b8-817b-48b4-8a02-4102d193ae74,c1ea2000-0000-0000-0000-000000000001,5b610136-1282-42b6-be3a-57b5e4bffb46,c1ea2000-0000-0000-0000-000000000011,c1ea2000-0000-0000-0000-000000000002,2025-11-01,2025-11-30,32031.97,31015.20,4827.26,2026-03-24 17:00:03.152763+00
279ebc3b-4012-45de-bdc5-6633fe872231,c1ea2000-0000-0000-0000-000000000001,3ecea715-f8f7-4d1a-81d7-4290c91971b1,c1ea2000-0000-0000-0000-000000000021,c1ea2000-0000-0000-0000-000000000003,2025-04-01,2025-04-30,19218.16,18111.44,2619.91,2026-03-24 17:00:03.152763+00
294f7024-b077-4b14-a7dd-fba1abdfbd82,c1ea2000-0000-0000-0000-000000000001,cbf97ba0-aff0-4b83-b668-ab3f99ae9a7a,c1ea2000-0000-0000-0000-000000000020,c1ea2000-0000-0000-0000-000000000003,2025-06-01,2025-06-30,32960.09,29308.95,4034.45,2026-03-24 17:00:03.152763+00
311a36b6-e5b3-4abe-8c16-d72b131a831e,c1ea2000-0000-0000-0000-000000000001,6fdbc5c1-594f-434b-a61f-49b2f3a88e0b,c1ea2000-0000-0000-0000-000000000020,c1ea2000-0000-0000-0000-000000000003,2025-09-01,2025-09-30,30088.59,28246.68,4652.80,2026-03-24 17:00:03.152763+00
3655f1eb-e692-433c-8e1e-dcac00f86ca6,c1ea2000-0000-0000-0000-000000000001,ce7dc17a-121e-4908-a10e-ce2cfd32bb7e,c1ea2000-0000-0000-0000-000000000021,c1ea2000-0000-0000-0000-000000000003,2025-07-01,2025-07-31,18925.94,17526.38,2595.00,2026-03-24 17:00:03.152763+00
3b0bda21-b698-409a-943b-04210c60b298,c1ea2000-0000-0000-0000-000000000001,f389cedb-533d-484f-b2e5-600428960e8c,c1ea2000-0000-0000-0000-000000000012,c1ea2000-0000-0000-0000-000000000002,2025-10-01,2025-10-31,24914.07,20452.14,3390.73,2026-03-24 17:00:03.152763+00
3b155f0d-a259-4fa8-a5a6-b597e165828d,c1ea2000-0000-0000-0000-000000000001,18872d03-d569-4b06-a0e0-b52e95ba26a7,c1ea2000-0000-0000-0000-000000000020,c1ea2000-0000-0000-0000-000000000003,2025-10-01,2025-10-31,31878.21,26410.78,4621.50,2026-03-24 17:00:03.152763+00
3d227cd0-04bc-444b-a7ac-6a458325285e,c1ea2000-0000-0000-0000-000000000001,65028382-db27-453a-8e7d-ab0d8e2ab674,c1ea2000-0000-0000-0000-000000000013,c1ea2000-0000-0000-0000-000000000002,2025-10-01,2025-10-31,106572.38,91073.22,14499.57,2026-03-24 17:00:03.152763+00
403bb17b-3f3c-4693-b958-1ca90df7d470,c1ea2000-0000-0000-0000-000000000001,8c99565c-62e3-497f-adb2-478b13d37c6d,c1ea2000-0000-0000-0000-000000000020,c1ea2000-0000-0000-0000-000000000003,2026-01-01,2026-01-31,30588.58,26658.46,4722.57,2026-03-24 17:00:03.152763+00
405cab22-f5fe-47f8-be3d-3d5cb92f0c87,c1ea2000-0000-0000-0000-000000000001,5806e914-635c-4a7b-a014-197688fd191b,c1ea2000-0000-0000-0000-000000000020,c1ea2000-0000-0000-0000-000000000003,2026-02-01,2026-02-28,28146.58,30502.08,4073.67,2026-03-24 17:00:03.152763+00
436e81c8-11f5-49c1-bae0-d0c65b7cfbf5,c1ea2000-0000-0000-0000-000000000001,3dbafb66-1641-409c-8352-711d37f18b9f,c1ea2000-0000-0000-0000-000000000021,c1ea2000-0000-0000-0000-000000000003,2026-03-01,2026-03-31,20072.04,19243.76,2873.87,2026-03-24 17:00:03.152763+00
4648e93b-9935-42bb-beaf-a4f3c9a1fa4b,c1ea2000-0000-0000-0000-000000000001,03ed6f44-68b3-4ea1-aff8-c5051162c1a7,c1ea2000-0000-0000-0000-000000000022,c1ea2000-0000-0000-0000-000000000003,2025-09-01,2025-09-30,9657.74,10035.10,1485.85,2026-03-24 17:00:03.152763+00
46992f4b-a977-43b8-8c9e-e5832588188b,c1ea2000-0000-0000-0000-000000000001,3c3229d6-d550-4de5-9f4c-b67230f4de97,c1ea2000-0000-0000-0000-000000000030,c1ea2000-0000-0000-0000-000000000004,2025-10-01,2025-10-31,45575.64,42648.00,6577.47,2026-03-24 17:00:03.152763+00
4753cb6e-7ee4-4759-a088-98fdc10c7e60,c1ea2000-0000-0000-0000-000000000001,9dfa2d7e-844b-46c7-a01a-ecbc5f69fe01,c1ea2000-0000-0000-0000-000000000030,c1ea2000-0000-0000-0000-000000000004,2025-04-01,2025-04-30,47625.94,40209.31,6262.45,2026-03-24 17:00:03.152763+00
4893a08f-4130-4739-a14f-6afc9ec8e285,c1ea2000-0000-0000-0000-000000000001,65a84db7-0372-4c8f-b34b-91949212f25e,c1ea2000-0000-0000-0000-000000000013,c1ea2000-0000-0000-0000-000000000002,2025-08-01,2025-08-31,102695.89,93368.66,14657.09,2026-03-24 17:00:03.152763+00
49364e6e-5718-469c-8b4f-579dcd9c1e62,c1ea2000-0000-0000-0000-000000000001,27486aeb-1225-43f1-acde-2ae9c9bd3292,c1ea2000-0000-0000-0000-000000000010,c1ea2000-0000-0000-0000-000000000002,2026-01-01,2026-01-31,52378.96,44719.14,7097.67,2026-03-24 17:00:03.152763+00
4bf44027-f839-48e5-b598-b9d54e0b74db,c1ea2000-0000-0000-0000-000000000001,2b99572a-71ae-4268-a2e3-ad5f64bc7420,c1ea2000-0000-0000-0000-000000000020,c1ea2000-0000-0000-0000-000000000003,2025-08-01,2025-08-31,29933.33,28694.23,4285.71,2026-03-24 17:00:03.152763+00
4c40452d-b3e6-4b24-9e2c-9da339691b2a,c1ea2000-0000-0000-0000-000000000001,03848e01-efbe-4c66-a39e-b2ba83890a34,c1ea2000-0000-0000-0000-000000000030,c1ea2000-0000-0000-0000-000000000004,2025-03-01,2025-03-31,42960.20,43017.82,5933.95,2026-03-24 17:00:03.152763+00
4c6c6db1-3fbc-4cec-978a-b0840ca8e8bb,c1ea2000-0000-0000-0000-000000000001,e5f3a5d9-a760-452f-9105-0519c2bb0cf6,c1ea2000-0000-0000-0000-000000000031,c1ea2000-0000-0000-0000-000000000004,2025-03-01,2025-03-31,31015.88,32172.64,4573.52,2026-03-24 17:00:03.152763+00
4cb726d1-7cee-4bbd-a6a7-147b87db0b3f,c1ea2000-0000-0000-0000-000000000001,f20eda01-ab14-416e-80f4-15018016d8ef,c1ea2000-0000-0000-0000-000000000013,c1ea2000-0000-0000-0000-000000000002,2025-09-01,2025-09-30,104638.72,88676.65,13952.82,2026-03-24 17:00:03.152763+00
4e86d2f6-efab-4d74-87b5-ba1ac762be4f,c1ea2000-0000-0000-0000-000000000001,fc73fc86-45b4-439d-86d8-efa2d5ee9ecf,c1ea2000-0000-0000-0000-000000000011,c1ea2000-0000-0000-0000-000000000002,2026-02-01,2026-02-28,35239.64,30815.06,4943.46,2026-03-24 17:00:03.152763+00
50f13c95-ab25-4cc7-a235-e3cd56da2673,c1ea2000-0000-0000-0000-000000000001,13406acd-7934-4d5b-bb87-c8f0a4839e8e,c1ea2000-0000-0000-0000-000000000021,c1ea2000-0000-0000-0000-000000000003,2025-09-01,2025-09-30,20122.00,19224.25,2807.61,2026-03-24 17:00:03.152763+00
51c1dbf7-f673-4cac-9333-df4e1b070ce0,c1ea2000-0000-0000-0000-000000000001,2b61177d-dbae-48b5-a410-2f71b6c12e48,c1ea2000-0000-0000-0000-000000000012,c1ea2000-0000-0000-0000-000000000002,2025-11-01,2025-11-30,23766.42,20245.56,3086.95,2026-03-24 17:00:03.152763+00
5787e61b-9ab9-41be-8c5f-2c47d11c8302,c1ea2000-0000-0000-0000-000000000001,10815bf0-4da8-45b4-a980-1db8dea9cb52,c1ea2000-0000-0000-0000-000000000022,c1ea2000-0000-0000-0000-000000000003,2025-11-01,2025-11-30,10738.25,10109.60,1536.68,2026-03-24 17:00:03.152763+00
5868a56e-9b2b-41f3-864c-695f124d123c,c1ea2000-0000-0000-0000-000000000001,278b8a09-8b57-4797-a566-e8066fd2280b,c1ea2000-0000-0000-0000-000000000030,c1ea2000-0000-0000-0000-000000000004,2026-02-01,2026-02-28,48555.43,40686.97,5964.95,2026-03-24 17:00:03.152763+00
588ec483-90c6-43a2-9da0-9fb57823416b,c1ea2000-0000-0000-0000-000000000001,796f5fbe-9d22-4ecc-a8cc-b2f715ef4730,c1ea2000-0000-0000-0000-000000000012,c1ea2000-0000-0000-0000-000000000002,2025-08-01,2025-08-31,24463.73,22940.57,3430.03,2026-03-24 17:00:03.152763+00
58e40da1-8116-4daa-9c6b-0fa4225eb846,c1ea2000-0000-0000-0000-000000000001,c6e637a0-cbe6-40dd-b88c-fe499f306e96,c1ea2000-0000-0000-0000-000000000012,c1ea2000-0000-0000-0000-000000000002,2026-03-01,2026-03-31,23764.96,21812.69,3360.63,2026-03-24 17:00:03.152763+00
5a57107b-228e-4e24-88de-5927b776dede,c1ea2000-0000-0000-0000-000000000001,78352294-8849-4140-8b07-c66c5c71ba50,c1ea2000-0000-0000-0000-000000000011,c1ea2000-0000-0000-0000-000000000002,2025-04-01,2025-04-30,35090.35,30332.60,5061.81,2026-03-24 17:00:03.152763+00
5bc5262e-13bd-4631-8c0e-29bf1e42f878,c1ea2000-0000-0000-0000-000000000001,15f59c58-e699-445b-b467-65c946b3b8ef,c1ea2000-0000-0000-0000-000000000020,c1ea2000-0000-0000-0000-000000000003,2025-02-01,2025-02-28,32588.13,26134.25,4134.57,2026-03-24 17:00:03.152763+00
5ebfdaaf-1ed5-4427-8ac7-7ff195a473f0,c1ea2000-0000-0000-0000-000000000001,285fb4dc-fe13-4cf5-91ac-1c1f565853c4,c1ea2000-0000-0000-0000-000000000010,c1ea2000-0000-0000-0000-000000000002,2025-08-01,2025-08-31,49189.35,49377.26,6726.08,2026-03-24 17:00:03.152763+00
5ffe822c-401a-4217-8fde-4f31598d8630,c1ea2000-0000-0000-0000-000000000001,8524e7f1-be4b-4ae8-b310-66d36aef4a96,c1ea2000-0000-0000-0000-000000000012,c1ea2000-0000-0000-0000-000000000002,2025-06-01,2025-06-30,24582.11,22634.68,3166.02,2026-03-24 17:00:03.152763+00
61b30da3-ba52-493f-9736-413d807b603c,c1ea2000-0000-0000-0000-000000000001,7d8e5465-9854-4204-a788-cca7662d80ff,c1ea2000-0000-0000-0000-000000000012,c1ea2000-0000-0000-0000-000000000002,2025-07-01,2025-07-31,22756.39,20037.56,3278.73,2026-03-24 17:00:03.152763+00
67b49f21-a241-4f54-b048-e5e4cda10b94,c1ea2000-0000-0000-0000-000000000001,5279b21f-1441-49fe-a2cd-cfff32bd5fc1,c1ea2000-0000-0000-0000-000000000030,c1ea2000-0000-0000-0000-000000000004,2025-12-01,2025-12-31,46002.65,40770.25,6798.75,2026-03-24 17:00:03.152763+00
6870bba5-1062-439b-bdac-fc623cbc4ed7,c1ea2000-0000-0000-0000-000000000001,7d8e5465-9854-4204-a788-cca7662d80ff,c1ea2000-0000-0000-0000-000000000011,c1ea2000-0000-0000-0000-000000000002,2026-03-01,2026-03-31,36979.07,32109.58,4710.18,2026-03-24 17:00:03.152763+00
688522fb-3412-4cde-ad59-fcbbb8587e3b,c1ea2000-0000-0000-0000-000000000001,d19f8208-1603-463a-90f5-eb31bdf1d675,c1ea2000-0000-0000-0000-000000000020,c1ea2000-0000-0000-0000-000000000003,2025-05-01,2025-05-31,30597.36,28069.01,4121.85,2026-03-24 17:00:03.152763+00
6b15bb94-04fa-49fc-970a-1264b5060761,c1ea2000-0000-0000-0000-000000000001,93e1335c-7d4c-4eaa-9b97-6d3948beaeb2,c1ea2000-0000-0000-0000-000000000020,c1ea2000-0000-0000-0000-000000000003,2025-04-01,2025-04-30,29511.94,27742.72,4724.50,2026-03-24 17:00:03.152763+00
6dfc7532-d4d0-4bcf-8aed-5d29ad2b3451,c1ea2000-0000-0000-0000-000000000001,43671cfc-ebb0-43fe-8fa0-e4d98d591c68,c1ea2000-0000-0000-0000-000000000021,c1ea2000-0000-0000-0000-000000000003,2025-03-01,2025-03-31,18485.42,18043.69,2771.01,2026-03-24 17:00:03.152763+00
6e762e58-9948-4801-95bb-1b17d2c409e2,c1ea2000-0000-0000-0000-000000000001,b79189bf-2e72-4437-a2d3-c0c0baa703b4,c1ea2000-0000-0000-0000-000000000031,c1ea2000-0000-0000-0000-000000000004,2025-08-01,2025-08-31,33028.83,31089.48,4410.00,2026-03-24 17:00:03.152763+00
6f5faadc-7a6e-40ef-95ee-a194a9e4cb87,c1ea2000-0000-0000-0000-000000000001,37a4de4d-78aa-48ee-8447-00bfb7731a36,c1ea2000-0000-0000-0000-000000000022,c1ea2000-0000-0000-0000-000000000003,2026-03-01,2026-03-31,10412.23,8551.04,1444.25,2026-03-24 17:00:03.152763+00
6fb1c550-ecde-47ab-8002-ff3f28bcadd9,c1ea2000-0000-0000-0000-000000000001,71cf11fc-9992-43a9-8bb9-13706212039c,c1ea2000-0000-0000-0000-000000000022,c1ea2000-0000-0000-0000-000000000003,2025-03-01,2025-03-31,10346.98,9969.26,1462.18,2026-03-24 17:00:03.152763+00
6fccea6f-cf65-432a-bd34-7ded4a9edc20,c1ea2000-0000-0000-0000-000000000001,18872d03-d569-4b06-a0e0-b52e95ba26a7,c1ea2000-0000-0000-0000-000000000031,c1ea2000-0000-0000-0000-000000000004,2025-05-01,2025-05-31,31041.45,29546.36,4790.69,2026-03-24 17:00:03.152763+00
706e8e7d-fae2-4927-bcf4-30c99d68a047,c1ea2000-0000-0000-0000-000000000001,92f2e114-035c-44b0-945e-6b0d77d059c0,c1ea2000-0000-0000-0000-000000000031,c1ea2000-0000-0000-0000-000000000004,2026-03-01,2026-03-31,35692.56,32737.25,4435.76,2026-03-24 17:00:03.152763+00
73ae5c00-37f1-410d-b77d-b48ecae6abbf,c1ea2000-0000-0000-0000-000000000001,78352294-8849-4140-8b07-c66c5c71ba50,c1ea2000-0000-0000-0000-000000000010,c1ea2000-0000-0000-0000-000000000002,2026-03-01,2026-03-31,53111.84,44330.80,6772.66,2026-03-24 17:00:03.152763+00
76cddbc7-7fcc-44bd-bf86-ecf741dc2215,c1ea2000-0000-0000-0000-000000000001,03ed6f44-68b3-4ea1-aff8-c5051162c1a7,c1ea2000-0000-0000-0000-000000000022,c1ea2000-0000-0000-0000-000000000003,2026-01-01,2026-01-31,9972.62,8424.92,1512.25,2026-03-24 17:00:03.152763+00
7901ea0d-ae62-4d11-a556-38ad447f3b79,c1ea2000-0000-0000-0000-000000000001,1d74e6cb-8cdb-443a-a20d-4f7e2ba859c0,c1ea2000-0000-0000-0000-000000000022,c1ea2000-0000-0000-0000-000000000003,2025-07-01,2025-07-31,9959.65,9062.98,1299.49,2026-03-24 17:00:03.152763+00
7a180361-9438-4c75-a781-34bba789d492,c1ea2000-0000-0000-0000-000000000001,2f190015-c194-4cb5-8e36-f9683112820b,c1ea2000-0000-0000-0000-000000000011,c1ea2000-0000-0000-0000-000000000002,2025-05-01,2025-05-31,34653.75,30409.28,4645.77,2026-03-24 17:00:03.152763+00
7a395a66-2be1-49ee-a6e1-9256f79d278e,c1ea2000-0000-0000-0000-000000000001,2b2578f3-9a21-4e8f-bf8c-0c9148ae2aad,c1ea2000-0000-0000-0000-000000000010,c1ea2000-0000-0000-0000-000000000002,2025-06-01,2025-06-30,55694.67,48333.69,7610.21,2026-03-24 17:00:03.152763+00
7bbd0722-1d68-4219-9078-373bca02d28f,c1ea2000-0000-0000-0000-000000000001,9320ccba-1b59-4463-9fe4-290cdb4ed815,c1ea2000-0000-0000-0000-000000000010,c1ea2000-0000-0000-0000-000000000002,2025-03-01,2025-03-31,54067.83,47209.16,7705.01,2026-03-24 17:00:03.152763+00
7c5000b8-d561-4d2b-841a-a48bc786fd56,c1ea2000-0000-0000-0000-000000000001,e57360db-ecdd-4a6b-98c8-3464794a6d24,c1ea2000-0000-0000-0000-000000000030,c1ea2000-0000-0000-0000-000000000004,2025-02-01,2025-02-28,42053.24,40865.43,6776.28,2026-03-24 17:00:03.152763+00
7f12369d-7bf8-492d-8faf-7947384ef328,c1ea2000-0000-0000-0000-000000000001,5c098ae5-ce16-4907-8163-bcc8357ddf5f,c1ea2000-0000-0000-0000-000000000022,c1ea2000-0000-0000-0000-000000000003,2025-12-01,2025-12-31,9202.48,10017.95,1520.08,2026-03-24 17:00:03.152763+00
80147b5b-e56e-4dd5-a828-02d6c097a51f,c1ea2000-0000-0000-0000-000000000001,43d606ad-3509-4ed5-b660-369bbab935a5,c1ea2000-0000-0000-0000-000000000021,c1ea2000-0000-0000-0000-000000000003,2025-05-01,2025-05-31,20036.52,16899.49,2880.78,2026-03-24 17:00:03.152763+00
801a91fb-38af-49fc-8353-951a3f004a16,c1ea2000-0000-0000-0000-000000000001,30c70c2d-7946-488a-9b5d-f708e9982969,c1ea2000-0000-0000-0000-000000000012,c1ea2000-0000-0000-0000-000000000002,2025-05-01,2025-05-31,23239.55,22109.23,3432.89,2026-03-24 17:00:03.152763+00
884bed84-64f0-42dc-854a-6cec23dd9fe6,c1ea2000-0000-0000-0000-000000000001,c6e637a0-cbe6-40dd-b88c-fe499f306e96,c1ea2000-0000-0000-0000-000000000010,c1ea2000-0000-0000-0000-000000000002,2025-02-01,2025-02-28,55018.58,44916.08,6822.30,2026-03-24 17:00:03.152763+00
8c9432f6-4c80-4f8b-ab59-81040a6276e2,c1ea2000-0000-0000-0000-000000000001,e2a9c686-8e18-449a-bc9a-d19e9f5a9c32,c1ea2000-0000-0000-0000-000000000021,c1ea2000-0000-0000-0000-000000000003,2025-10-01,2025-10-31,19095.15,19187.85,2657.83,2026-03-24 17:00:03.152763+00
8f8f04c6-77f7-497d-ae0e-9808a8c34023,c1ea2000-0000-0000-0000-000000000001,15f59c58-e699-445b-b467-65c946b3b8ef,c1ea2000-0000-0000-0000-000000000020,c1ea2000-0000-0000-0000-000000000003,2025-03-01,2025-03-31,33853.23,26338.66,4512.21,2026-03-24 17:00:03.152763+00
8fbcef29-151c-473e-97cb-4e86127ca27f,c1ea2000-0000-0000-0000-000000000001,da6149b0-cd5b-4080-a9f8-79d38f1307c6,c1ea2000-0000-0000-0000-000000000010,c1ea2000-0000-0000-0000-000000000002,2025-10-01,2025-10-31,50237.10,47847.20,7266.17,2026-03-24 17:00:03.152763+00
939cca7d-99df-4eb7-86d5-8d79cc9c442c,c1ea2000-0000-0000-0000-000000000001,65a84db7-0372-4c8f-b34b-91949212f25e,c1ea2000-0000-0000-0000-000000000012,c1ea2000-0000-0000-0000-000000000002,2025-12-01,2025-12-31,21902.80,20727.35,3246.76,2026-03-24 17:00:03.152763+00
958a55f4-d463-4a33-a9b7-56dea0bb4afe,c1ea2000-0000-0000-0000-000000000001,c7e54988-663c-4eab-89a1-7c3f0d945d60,c1ea2000-0000-0000-0000-000000000013,c1ea2000-0000-0000-0000-000000000002,2025-02-01,2025-02-28,102879.64,90113.75,14252.85,2026-03-24 17:00:03.152763+00
9b832dc7-c267-481f-ad28-9f80398ad600,c1ea2000-0000-0000-0000-000000000001,3ecea715-f8f7-4d1a-81d7-4290c91971b1,c1ea2000-0000-0000-0000-000000000021,c1ea2000-0000-0000-0000-000000000003,2025-08-01,2025-08-31,20549.05,18810.75,2851.50,2026-03-24 17:00:03.152763+00
a5defd93-8b83-4947-8cc5-fa4eeda384a3,c1ea2000-0000-0000-0000-000000000001,6d990c45-7ed8-4b07-bef4-c309c9c5e539,c1ea2000-0000-0000-0000-000000000012,c1ea2000-0000-0000-0000-000000000002,2026-02-01,2026-02-28,22716.48,22931.45,3274.71,2026-03-24 17:00:03.152763+00
a60e34fd-2e9a-48a9-a9fc-ff1ca9fb759f,c1ea2000-0000-0000-0000-000000000001,7d8be940-127a-489a-a4a4-c598067b2a8e,c1ea2000-0000-0000-0000-000000000010,c1ea2000-0000-0000-0000-000000000002,2026-02-01,2026-02-28,55765.39,44964.97,7221.12,2026-03-24 17:00:03.152763+00
adb5ebe2-ac82-4129-94a5-59bb122ac348,c1ea2000-0000-0000-0000-000000000001,e94b6c7e-4c05-422f-a9f4-c96978c4b221,c1ea2000-0000-0000-0000-000000000020,c1ea2000-0000-0000-0000-000000000003,2025-12-01,2025-12-31,29839.30,28671.35,4235.44,2026-03-24 17:00:03.152763+00
af0b63b4-bf5a-480f-8601-6e83408c9945,c1ea2000-0000-0000-0000-000000000001,351899f9-8fad-47d2-846d-0eff47d72fc7,c1ea2000-0000-0000-0000-000000000013,c1ea2000-0000-0000-0000-000000000002,2025-07-01,2025-07-31,99864.81,87759.27,13300.41,2026-03-24 17:00:03.152763+00
af51ba90-bf5b-4965-b073-65818c4e86ed,c1ea2000-0000-0000-0000-000000000001,96e39572-3ea4-48e0-9367-1317bd8bb601,c1ea2000-0000-0000-0000-000000000022,c1ea2000-0000-0000-0000-000000000003,2025-06-01,2025-06-30,9303.40,8610.26,1276.92,2026-03-24 17:00:03.152763+00
b0212870-7b70-4b16-b842-743c47b975b2,c1ea2000-0000-0000-0000-000000000001,d9da8f2f-19ec-4e96-a23d-e7c8a73f4ac9,c1ea2000-0000-0000-0000-000000000021,c1ea2000-0000-0000-0000-000000000003,2025-12-01,2025-12-31,20907.93,17288.14,2637.89,2026-03-24 17:00:03.152763+00
b2056b0a-b0eb-4670-afea-82545ae923ad,c1ea2000-0000-0000-0000-000000000001,49cb678e-4000-4934-af1d-dec1fab3fe73,c1ea2000-0000-0000-0000-000000000030,c1ea2000-0000-0000-0000-000000000004,2025-09-01,2025-09-30,48497.55,41218.43,6497.99,2026-03-24 17:00:03.152763+00
b4b28b05-7d0f-4bb8-996f-defa1b077558,c1ea2000-0000-0000-0000-000000000001,07940ae8-4ff1-4aa1-9eb2-9425cd4db827,c1ea2000-0000-0000-0000-000000000010,c1ea2000-0000-0000-0000-000000000002,2025-04-01,2025-04-30,51896.06,45041.32,7373.72,2026-03-24 17:00:03.152763+00
b6be894b-13d3-4726-9681-05cc4525b40e,c1ea2000-0000-0000-0000-000000000001,b8a27676-50fa-4c40-a44d-68f2f23f018b,c1ea2000-0000-0000-0000-000000000020,c1ea2000-0000-0000-0000-000000000003,2025-11-01,2025-11-30,33787.14,29503.55,4473.46,2026-03-24 17:00:03.152763+00
b742bea6-e2d5-4084-9538-667ba442df55,c1ea2000-0000-0000-0000-000000000001,0838c389-e7c9-4126-bddf-f0bed418d0a5,c1ea2000-0000-0000-0000-000000000011,c1ea2000-0000-0000-0000-000000000002,2025-12-01,2025-12-31,35241.68,30747.11,4649.03,2026-03-24 17:00:03.152763+00
b845c209-aae0-4c6b-85f0-874263bb2745,c1ea2000-0000-0000-0000-000000000001,0a2955b9-94df-4122-b25b-3f9ac41f4908,c1ea2000-0000-0000-0000-000000000031,c1ea2000-0000-0000-0000-000000000004,2025-12-01,2025-12-31,35844.41,29462.47,4851.11,2026-03-24 17:00:03.152763+00
b8e36014-3301-494f-bd6f-1c69839b16d3,c1ea2000-0000-0000-0000-000000000001,f3e26be5-9eaf-41fb-a8c0-9f9740797c30,c1ea2000-0000-0000-0000-000000000031,c1ea2000-0000-0000-0000-000000000004,2025-02-01,2025-02-28,31741.86,30909.13,4576.07,2026-03-24 17:00:03.152763+00
b997780f-3bda-409e-9eee-998e62bf0de6,c1ea2000-0000-0000-0000-000000000001,a8dc0dde-66d5-494d-9a09-3445c775249a,c1ea2000-0000-0000-0000-000000000011,c1ea2000-0000-0000-0000-000000000002,2026-01-01,2026-01-31,36940.19,30516.05,4534.90,2026-03-24 17:00:03.152763+00
bb51441d-318e-4b43-9748-8eb43e2a29a3,c1ea2000-0000-0000-0000-000000000001,3eefb775-19d2-4d0f-b5e0-52605d5faf4b,c1ea2000-0000-0000-0000-000000000011,c1ea2000-0000-0000-0000-000000000002,2025-09-01,2025-09-30,35356.04,33618.31,4985.94,2026-03-24 17:00:03.152763+00
bb77bfa1-335f-4cb3-b817-f4d068aefc87,c1ea2000-0000-0000-0000-000000000001,9f069257-1e30-4706-928f-8957eb710bd5,c1ea2000-0000-0000-0000-000000000030,c1ea2000-0000-0000-0000-000000000004,2026-01-01,2026-01-31,46218.89,40656.05,5926.54,2026-03-24 17:00:03.152763+00
bc0cf77d-b7f0-47f8-a9ad-b052aba773eb,c1ea2000-0000-0000-0000-000000000001,2317fb55-fd77-4543-98cf-0b82ec4b4bc3,c1ea2000-0000-0000-0000-000000000030,c1ea2000-0000-0000-0000-000000000004,2026-03-01,2026-03-31,47790.93,43553.76,6683.07,2026-03-24 17:00:03.152763+00
bd1ce6fb-b930-42cb-8bda-368922a4a268,c1ea2000-0000-0000-0000-000000000001,65a84db7-0372-4c8f-b34b-91949212f25e,c1ea2000-0000-0000-0000-000000000010,c1ea2000-0000-0000-0000-000000000002,2025-09-01,2025-09-30,52637.55,45612.58,7705.47,2026-03-24 17:00:03.152763+00
c09337a9-515a-47bb-9388-9fe418a8c3f6,c1ea2000-0000-0000-0000-000000000001,b38a635e-75f3-4f64-9408-b1a5fa42352f,c1ea2000-0000-0000-0000-000000000012,c1ea2000-0000-0000-0000-000000000002,2025-04-01,2025-04-30,21873.20,21726.59,3102.14,2026-03-24 17:00:03.152763+00
c45cb044-f475-4c05-99f1-d75be0cfded8,c1ea2000-0000-0000-0000-000000000001,d5f2b049-171e-4f69-a975-5010e66d25ea,c1ea2000-0000-0000-0000-000000000013,c1ea2000-0000-0000-0000-000000000002,2025-04-01,2025-04-30,100511.35,88406.98,14707.90,2026-03-24 17:00:03.152763+00
c561f0e8-ff4b-461c-87c6-85414e4382b0,c1ea2000-0000-0000-0000-000000000001,ff997367-e97f-407a-b69f-f4d9d9e7418d,c1ea2000-0000-0000-0000-000000000013,c1ea2000-0000-0000-0000-000000000002,2025-05-01,2025-05-31,98247.96,90282.40,14536.52,2026-03-24 17:00:03.152763+00
c5da473e-0839-47bb-a602-1584279f678e,c1ea2000-0000-0000-0000-000000000001,c8928f84-99e2-4228-9845-324babca3c32,c1ea2000-0000-0000-0000-000000000011,c1ea2000-0000-0000-0000-000000000002,2025-10-01,2025-10-31,35247.69,33526.22,5152.53,2026-03-24 17:00:03.152763+00
c8d2e81e-c8af-4af9-ba5c-f27644c79a22,c1ea2000-0000-0000-0000-000000000001,03848e01-efbe-4c66-a39e-b2ba83890a34,c1ea2000-0000-0000-0000-000000000031,c1ea2000-0000-0000-0000-000000000004,2025-09-01,2025-09-30,34655.37,29541.16,4583.55,2026-03-24 17:00:03.152763+00
ca876c38-c23c-4ca8-bd85-7538a2bb4f0f,c1ea2000-0000-0000-0000-000000000001,89ad0016-5e00-4a1f-bfd5-cee87dd20deb,c1ea2000-0000-0000-0000-000000000031,c1ea2000-0000-0000-0000-000000000004,2025-11-01,2025-11-30,32483.42,29432.78,4816.40,2026-03-24 17:00:03.152763+00
cb8e74a0-7480-4d78-ad81-931a83600fb0,c1ea2000-0000-0000-0000-000000000001,f9e8909f-7dc3-4975-abf8-0a276992cc6b,c1ea2000-0000-0000-0000-000000000011,c1ea2000-0000-0000-0000-000000000002,2025-08-01,2025-08-31,32849.59,29859.27,4919.70,2026-03-24 17:00:03.152763+00
d215a658-5103-4a97-ac84-f4c251385cac,c1ea2000-0000-0000-0000-000000000001,93e1335c-7d4c-4eaa-9b97-6d3948beaeb2,c1ea2000-0000-0000-0000-000000000012,c1ea2000-0000-0000-0000-000000000002,2025-09-01,2025-09-30,22672.14,20566.84,3009.77,2026-03-24 17:00:03.152763+00
d3a2d8e7-1403-4a32-8274-4ee5a4259bca,c1ea2000-0000-0000-0000-000000000001,a8dc0dde-66d5-494d-9a09-3445c775249a,c1ea2000-0000-0000-0000-000000000031,c1ea2000-0000-0000-0000-000000000004,2025-10-01,2025-10-31,31179.27,29710.70,4965.83,2026-03-24 17:00:03.152763+00
d590e922-19f0-4c77-a167-8195103585da,c1ea2000-0000-0000-0000-000000000001,f389cedb-533d-484f-b2e5-600428960e8c,c1ea2000-0000-0000-0000-000000000013,c1ea2000-0000-0000-0000-000000000002,2026-02-01,2026-02-28,103815.28,98153.33,14509.81,2026-03-24 17:00:03.152763+00
d6f8d8ed-745d-4688-ac36-a1ecc078d5ed,c1ea2000-0000-0000-0000-000000000001,5c630123-ce2c-4d0d-b944-73e88f17038f,c1ea2000-0000-0000-0000-000000000021,c1ea2000-0000-0000-0000-000000000003,2025-02-01,2025-02-28,19613.46,19259.66,2571.80,2026-03-24 17:00:03.152763+00
d7e0293b-dfad-42fb-a99d-a22016f46c58,c1ea2000-0000-0000-0000-000000000001,98f9e1ea-ee21-460d-acc4-a8ca8abb396b,c1ea2000-0000-0000-0000-000000000012,c1ea2000-0000-0000-0000-000000000002,2025-03-01,2025-03-31,22464.57,19849.50,3094.27,2026-03-24 17:00:03.152763+00
d851a740-c935-4648-80cb-b09e88d9749a,c1ea2000-0000-0000-0000-000000000001,c483495e-4bd1-40c4-9bf1-4ea00d40d475,c1ea2000-0000-0000-0000-000000000022,c1ea2000-0000-0000-0000-000000000003,2025-08-01,2025-08-31,10190.05,8797.14,1413.86,2026-03-24 17:00:03.152763+00
d8618d45-c9d8-4502-a7c6-c6cd8fd15667,c1ea2000-0000-0000-0000-000000000001,9cf6ff8b-41f3-4127-8ae5-1416569d2eff,c1ea2000-0000-0000-0000-000000000013,c1ea2000-0000-0000-0000-000000000002,2025-12-01,2025-12-31,99801.27,92232.66,14896.41,2026-03-24 17:00:03.152763+00
d9193f56-fb03-42f2-bd6f-f5ba07562398,c1ea2000-0000-0000-0000-000000000001,93428dae-d017-45ca-8531-2b7fe018db81,c1ea2000-0000-0000-0000-000000000022,c1ea2000-0000-0000-0000-000000000003,2026-02-01,2026-02-28,10627.45,9511.86,1272.65,2026-03-24 17:00:03.152763+00
da4c0b28-933d-46b9-a471-612463244bba,c1ea2000-0000-0000-0000-000000000001,920f60f4-7dad-47f8-9a72-4022ba29a7a9,c1ea2000-0000-0000-0000-000000000013,c1ea2000-0000-0000-0000-000000000002,2025-03-01,2025-03-31,95856.13,92868.87,14086.88,2026-03-24 17:00:03.152763+00
dfb1e51f-f5e6-4457-a4df-f0d669bd53b2,c1ea2000-0000-0000-0000-000000000001,0cb40a81-0f84-4934-a4ad-886fc7bf7743,c1ea2000-0000-0000-0000-000000000012,c1ea2000-0000-0000-0000-000000000002,2025-02-01,2025-02-28,21412.34,21776.80,3132.64,2026-03-24 17:00:03.152763+00
e0dbed1a-281c-44b6-a14c-ccfecf2990dc,c1ea2000-0000-0000-0000-000000000001,e31d1442-aed0-461b-88b0-8aa66aac153d,c1ea2000-0000-0000-0000-000000000013,c1ea2000-0000-0000-0000-000000000002,2025-06-01,2025-06-30,99174.85,90691.74,14688.23,2026-03-24 17:00:03.152763+00
e154837d-25cf-45b3-800c-8cd2d4f88bdf,c1ea2000-0000-0000-0000-000000000001,f9241e6d-84d5-45f1-8bd1-9cfab0d97cc0,c1ea2000-0000-0000-0000-000000000021,c1ea2000-0000-0000-0000-000000000003,2025-06-01,2025-06-30,19615.97,18318.70,2566.47,2026-03-24 17:00:03.152763+00
e51c4874-2e62-4773-a044-a99a220cb860,c1ea2000-0000-0000-0000-000000000001,ae4692f0-248d-493e-9744-14cf3a554115,c1ea2000-0000-0000-0000-000000000030,c1ea2000-0000-0000-0000-000000000004,2025-08-01,2025-08-31,47899.06,44171.77,6766.02,2026-03-24 17:00:03.152763+00
e620fc34-150b-497c-9e98-8f39efe3de80,c1ea2000-0000-0000-0000-000000000001,d9af5902-b685-466b-98f8-00a31b2c4314,c1ea2000-0000-0000-0000-000000000030,c1ea2000-0000-0000-0000-000000000004,2025-07-01,2025-07-31,42517.25,41494.18,6312.44,2026-03-24 17:00:03.152763+00
e869a333-6b74-4472-ae5f-f32bd39c3eb6,c1ea2000-0000-0000-0000-000000000001,a7e6a3f1-fe72-4559-a628-44864f59027b,c1ea2000-0000-0000-0000-000000000013,c1ea2000-0000-0000-0000-000000000002,2026-01-01,2026-01-31,96315.09,94242.97,14090.40,2026-03-24 17:00:03.152763+00
e9c1a2e5-0961-47e7-961a-c5446a7dbf69,c1ea2000-0000-0000-0000-000000000001,b42a65d4-4963-4f6c-aab8-3ca63e8f5774,c1ea2000-0000-0000-0000-000000000013,c1ea2000-0000-0000-0000-000000000002,2025-11-01,2025-11-30,105995.32,94134.24,13670.03,2026-03-24 17:00:03.152763+00
ec8b2de6-3acf-4e59-9212-c6c0163e25fe,c1ea2000-0000-0000-0000-000000000001,a47bab90-9ea0-4aa6-966f-fe7b78681984,c1ea2000-0000-0000-0000-000000000021,c1ea2000-0000-0000-0000-000000000003,2026-02-01,2026-02-28,19554.41,16850.33,2838.10,2026-03-24 17:00:03.152763+00
f0b2d4fa-31d9-4f71-a4f4-0e65d2788381,c1ea2000-0000-0000-0000-000000000001,3d712609-8935-4ade-825a-a7bfe4e7b7d8,c1ea2000-0000-0000-0000-000000000030,c1ea2000-0000-0000-0000-000000000004,2025-06-01,2025-06-30,46924.20,39461.58,6068.85,2026-03-24 17:00:03.152763+00
f189ea2d-e67e-406e-8a83-1aef215bcbf6,c1ea2000-0000-0000-0000-000000000001,c02b01a8-60ed-41c1-9b26-155cb12ae875,c1ea2000-0000-0000-0000-000000000010,c1ea2000-0000-0000-0000-000000000002,2025-07-01,2025-07-31,49482.08,48695.43,6721.09,2026-03-24 17:00:03.152763+00
f2f3608e-1507-491e-bbfe-b87cce424045,c1ea2000-0000-0000-0000-000000000001,95a932cf-5cd0-4a12-844f-fb13f135981f,c1ea2000-0000-0000-0000-000000000010,c1ea2000-0000-0000-0000-000000000002,2025-12-01,2025-12-31,54376.12,45251.27,7809.35,2026-03-24 17:00:03.152763+00
f3d2835a-0267-46ec-bd02-8e2f3069ae48,c1ea2000-0000-0000-0000-000000000001,d8a216e5-5479-4393-8c03-9688e18b0125,c1ea2000-0000-0000-0000-000000000031,c1ea2000-0000-0000-0000-000000000004,2026-01-01,2026-01-31,32872.38,31050.95,4838.19,2026-03-24 17:00:03.152763+00
f4e8e1f0-2018-4cdd-b0b4-e1f40e8895e5,c1ea2000-0000-0000-0000-000000000001,c3025f49-6fbc-4fde-a96c-65dc103e4181,c1ea2000-0000-0000-0000-000000000031,c1ea2000-0000-0000-0000-000000000004,2025-04-01,2025-04-30,32657.02,28650.58,4796.61,2026-03-24 17:00:03.152763+00
f7fe1134-eded-472d-94e1-581cf1b30196,c1ea2000-0000-0000-0000-000000000001,51100667-6228-4eee-9d51-22826a5bf053,c1ea2000-0000-0000-0000-000000000020,c1ea2000-0000-0000-0000-000000000003,2025-07-01,2025-07-31,33630.99,31257.09,4134.05,2026-03-24 17:00:03.152763+00
f8b094ad-d199-41ed-900f-3be5c664d383,c1ea2000-0000-0000-0000-000000000001,13e6de1c-c84b-414a-a3fe-fd6b7d25a3a3,c1ea2000-0000-0000-0000-000000000011,c1ea2000-0000-0000-0000-000000000002,2025-03-01,2025-03-31,33308.55,30895.43,4871.17,2026-03-24 17:00:03.152763+00
faab975a-01f6-4d8a-b8dd-3642e8f31091,c1ea2000-0000-0000-0000-000000000001,cc7000b0-df1c-4e21-accd-3f18141be322,c1ea2000-0000-0000-0000-000000000031,c1ea2000-0000-0000-0000-000000000004,2026-02-01,2026-02-28,35708.98,31445.02,4712.93,2026-03-24 17:00:03.152763+00
fdba7ed0-26ad-4684-a367-063c562c796b,c1ea2000-0000-0000-0000-000000000001,2d3ddf43-4e89-4199-b434-1c13bb30c524,c1ea2000-0000-0000-0000-000000000013,c1ea2000-0000-0000-0000-000000000002,2026-03-01,2026-03-31,106632.55,88840.68,14646.19,2026-03-24 17:00:03.152763+00
fe9f3bcb-6481-430d-92da-988773076cc2,c1ea2000-0000-0000-0000-000000000001,662087b2-ca65-44ea-9f1b-7d9699db7358,c1ea2000-0000-0000-0000-000000000022,c1ea2000-0000-0000-0000-000000000003,2025-05-01,2025-05-31,9570.12,8647.28,1380.52,2026-03-24 17:00:03.152763+00