id,client_id,user_id,program_id,portfolio_id,status,enrolled_at,completed_at,withdrawn_at
0109314f-27cf-4ec1-aaac-035ae22e8a96,c1ea2000-0000-0000-0000-000000000001,4bd0cb30-e273-4f85-b463-fb5bd429edc4,c1ea2000-0000-0000-0000-000000000011,c1ea2000-0000-0000-0000-000000000002,completed,2025-10-01 19:33:57.028067+00,2025-12-28 20:20:40.156881+00,
0265118b-08f6-495a-8f24-bc7935a63c54,c1ea2000-0000-0000-0000-000000000001,2122369e-1770-4f86-90a8-7c7c85c732b9,c1ea2000-0000-0000-0000-000000000013,c1ea2000-0000-0000-0000-000000000002,completed,2025-08-19 18:45:51.740832+00,2026-03-14 02:58:41.681491+00,
03f3bfca-a918-4022-9dd6-e86fd340cc2a,c1ea2000-0000-0000-0000-000000000001,1a653714-a0de-4126-a61a-f67c7e859745,c1ea2000-0000-0000-0000-000000000031,c1ea2000-0000-0000-0000-000000000004,active,2025-04-02 17:34:56.230368+00,,
054068b8-1635-4123-abc4-7c87cf073087,c1ea2000-0000-0000-0000-000000000001,958a0821-3c2b-4248-8431-132924673ab8,c1ea2000-0000-0000-0000-000000000012,c1ea2000-0000-0000-0000-000000000002,enrolled,2025-08-12 13:53:19.088104+00,,
058c0579-f865-4983-9bd7-2b1f9f8b6524,c1ea2000-0000-0000-0000-000000000001,d73b7515-7b79-46f9-8a88-02a7ef605a32,c1ea2000-0000-0000-0000-000000000011,c1ea2000-0000-0000-0000-000000000002,active,2025-03-26 00:25:56.448517+00,,
06cbdbf0-a1ea-4913-ba1c-0fa29cc3ca2e,c1ea2000-0000-0000-0000-000000000001,ea4ad733-2ae4-4521-8bd1-5aa5895f08ae,c1ea2000-0000-0000-0000-000000000030,c1ea2000-0000-0000-0000-000000000004,enrolled,2026-01-30 13:50:53.594264+00,,
08757e81-e0f9-468d-a8bc-8818f6429e89,c1ea2000-0000-0000-0000-000000000001,fdc15a4e-17d8-4ccc-abb9-300329308f58,c1ea2000-0000-0000-0000-000000000031,c1ea2000-0000-0000-0000-000000000004,enrolled,2025-09-13 11:00:47.854757+00,,
08db9e59-5364-4cae-805b-6dadbdf2251d,c1ea2000-0000-0000-0000-000000000001,6fdbc5c1-594f-434b-a61f-49b2f3a88e0b,c1ea2000-0000-0000-0000-000000000030,c1ea2000-0000-0000-0000-000000000004,active,2025-12-28 06:03:26.105045+00,,
092e08e3-ed40-42ee-a69c-708f09c6e6b8,c1ea2000-0000-0000-0000-000000000001,9dc9d13d-d1e4-43a0-aa94-4e7df1e976c7,c1ea2000-0000-0000-0000-000000000020,c1ea2000-0000-0000-0000-000000000003,active,2025-05-15 17:00:14.077467+00,,
0ae9d7fb-9e36-48df-ae31-7b0a7d62a980,c1ea2000-0000-0000-0000-000000000001,26c92d0a-670c-45af-b404-bab753cba9b3,c1ea2000-0000-0000-0000-000000000020,c1ea2000-0000-0000-0000-000000000003,active,2025-06-24 08:26:14.784939+00,,
0b9eed06-7cc9-49de-bfe9-82240537bdc2,c1ea2000-0000-0000-0000-000000000001,fdfac63d-0b43-417e-b7bd-b25a9d2aa602,c1ea2000-0000-0000-0000-000000000012,c1ea2000-0000-0000-0000-000000000002,completed,2026-02-01 17:33:26.541419+00,2026-02-17 21:14:10.919391+00,
0c6bfd30-bd8c-418d-b426-e5ce92ed8b84,c1ea2000-0000-0000-0000-000000000001,2122369e-1770-4f86-90a8-7c7c85c732b9,c1ea2000-0000-0000-0000-000000000021,c1ea2000-0000-0000-0000-000000000003,active,2026-01-19 06:36:02.417218+00,,
0cd03736-d582-4fb8-a990-6642acf36977,c1ea2000-0000-0000-0000-000000000001,77b467d9-c5b7-49f6-bb1b-a54b7d8da09a,c1ea2000-0000-0000-0000-000000000030,c1ea2000-0000-0000-0000-000000000004,completed,2025-10-16 12:37:51.13159+00,2026-03-17 17:38:50.322169+00,
0d51d3cb-e218-421e-91fa-5d014b4b1259,c1ea2000-0000-0000-0000-000000000001,dcd53feb-0ce5-44a4-a77d-c959e5199499,c1ea2000-0000-0000-0000-000000000010,c1ea2000-0000-0000-0000-000000000002,active,2025-08-02 16:00:41.710051+00,,
0e8a709a-8bfb-4a6e-b08e-b0fed97704f8,c1ea2000-0000-0000-0000-000000000001,f3e26be5-9eaf-41fb-a8c0-9f9740797c30,c1ea2000-0000-0000-0000-000000000030,c1ea2000-0000-0000-0000-000000000004,enrolled,2025-06-10 07:43:10.666448+00,,
0f2f9e42-d5f8-47bf-9ed8-191dc748c436,c1ea2000-0000-0000-0000-000000000001,37a4de4d-78aa-48ee-8447-00bfb7731a36,c1ea2000-0000-0000-0000-000000000013,c1ea2000-0000-0000-0000-000000000002,completed,2025-06-18 16:52:33.57277+00,2026-03-12 00:57:38.115058+00,
0f38e93e-5e83-49c4-87c8-40235d46d0d4,c1ea2000-0000-0000-0000-000000000001,4a5d6209-305b-4ad4-8bdc-b0fe4b61f753,c1ea2000-0000-0000-0000-000000000030,c1ea2000-0000-0000-0000-000000000004,active,2026-03-15 12:01:39.887124+00,,
10274de3-0ed5-410f-adb4-c963d10ff9f0,c1ea2000-0000-0000-0000-000000000001,b8a27676-50fa-4c40-a44d-68f2f23f018b,c1ea2000-0000-0000-0000-000000000021,c1ea2000-0000-0000-0000-000000000003,enrolled,2025-11-18 14:16:20.369408+00,,
10eef6e5-b782-4787-a4e1-2d9d35c4c5f4,c1ea2000-0000-0000-0000-000000000001,0f4d8f4f-6887-43dd-bc2b-f33cd3087273,c1ea2000-0000-0000-0000-000000000010,c1ea2000-0000-0000-0000-000000000002,completed,2026-02-13 02:02:08.77151+00,2026-02-02 18:41:37.155273+00,
114e0c93-2883-400e-8646-c370c76d0207,c1ea2000-0000-0000-0000-000000000001,c18fa1b5-6a5c-4877-8fbe-d39df6619ccb,c1ea2000-0000-0000-0000-000000000030,c1ea2000-0000-0000-0000-000000000004,enrolled,2025-08-14 02:33:53.305861+00,,
12903dea-dd02-48b1-b9a1-4bee3f27c74b,c1ea2000-0000-0000-0000-000000000001,7f9bc71d-c18e-4065-8cb8-bf4e5cf4128f,c1ea2000-0000-0000-0000-000000000031,c1ea2000-0000-0000-0000-000000000004,active,2025-06-20 15:48:18.227415+00,,
12b6949c-1017-446b-867b-658920cffa97,c1ea2000-0000-0000-0000-000000000001,327c97c0-4783-4324-800a-7d89343a409f,c1ea2000-0000-0000-0000-000000000011,c1ea2000-0000-0000-0000-000000000002,enrolled,2025-04-19 18:53:18.076286+00,,
131c5bd3-7ba0-4bd7-aabb-e54293b6ca5f,c1ea2000-0000-0000-0000-000000000001,44ad9631-25ed-409b-8eab-94d8b4365106,c1ea2000-0000-0000-0000-000000000021,c1ea2000-0000-0000-0000-000000000003,enrolled,2025-05-21 07:57:27.271071+00,,
13cb177f-fa74-4cc9-8243-0943eb8427fc,c1ea2000-0000-0000-0000-000000000001,e176ea69-3f93-43f5-9d3b-8d3c695729ef,c1ea2000-0000-0000-0000-000000000011,c1ea2000-0000-0000-0000-000000000002,completed,2026-02-14 01:57:44.392988+00,2026-03-21 14:22:17.917032+00,
149d468d-b2bc-4a0a-b4a3-88dfedcd3db5,c1ea2000-0000-0000-0000-000000000001,65d02092-5b90-428c-9a2c-2012c3428ba6,c1ea2000-0000-0000-0000-000000000031,c1ea2000-0000-0000-0000-000000000004,active,2025-10-12 19:31:01.516823+00,,
1548bfc9-393d-4a6a-a7f0-89441d5345e0,c1ea2000-0000-0000-0000-000000000001,59b07244-b663-4761-a21a-5693f3ed5094,c1ea2000-0000-0000-0000-000000000031,c1ea2000-0000-0000-0000-000000000004,active,2025-06-06 20:15:18.864716+00,,
18ac7d22-2a00-40f0-abad-fac45377b840,c1ea2000-0000-0000-0000-000000000001,727903fc-a087-441a-a954-d3c7c9edca65,c1ea2000-0000-0000-0000-000000000031,c1ea2000-0000-0000-0000-000000000004,active,2025-11-10 01:11:35.197927+00,,
18ee7e13-21a4-41ab-8646-bf58fc8ac1b6,c1ea2000-0000-0000-0000-000000000001,6aeb6ff7-226b-4c1e-9b04-1e7fd30e9ceb,c1ea2000-0000-0000-0000-000000000010,c1ea2000-0000-0000-0000-000000000002,active,2026-03-14 21:09:52.06439+00,,
19e23283-52cd-488f-88c9-b2a4b82d632d,c1ea2000-0000-0000-0000-000000000001,ce7dc17a-121e-4908-a10e-ce2cfd32bb7e,c1ea2000-0000-0000-0000-000000000020,c1ea2000-0000-0000-0000-000000000003,completed,2025-10-20 07:39:25.96381+00,2026-03-14 10:12:10.470289+00,
1a5a0234-12e9-4529-bc71-e7873e210c88,c1ea2000-0000-0000-0000-000000000001,4ec6ef9d-1db6-4592-bf8e-28a0bbcbe99b,c1ea2000-0000-0000-0000-000000000011,c1ea2000-0000-0000-0000-000000000002,active,2025-06-02 13:07:32.551268+00,,
1a80daae-7f8a-4cb6-ab67-e9ffd9294eaa,c1ea2000-0000-0000-0000-000000000001,bb95aa05-6d42-43db-a1ca-9e1105ff85f8,c1ea2000-0000-0000-0000-000000000030,c1ea2000-0000-0000-0000-000000000004,enrolled,2025-12-13 22:09:16.327343+00,,
1c14f49b-7506-490b-a994-ffddae7d9051,c1ea2000-0000-0000-0000-000000000001,351899f9-8fad-47d2-846d-0eff47d72fc7,c1ea2000-0000-0000-0000-000000000011,c1ea2000-0000-0000-0000-000000000002,enrolled,2025-05-08 08:31:20.434425+00,,
1c154b9c-5a0f-43bc-9086-3ed6bc7d3adc,c1ea2000-0000-0000-0000-000000000001,4d94da0b-da8e-48b4-a556-f3c1b9100abc,c1ea2000-0000-0000-0000-000000000021,c1ea2000-0000-0000-0000-000000000003,active,2025-12-16 11:28:32.16644+00,,
1c6a942a-9ec8-4aec-95e9-976b65c4acf7,c1ea2000-0000-0000-0000-000000000001,3eefb775-19d2-4d0f-b5e0-52605d5faf4b,c1ea2000-0000-0000-0000-000000000020,c1ea2000-0000-0000-0000-000000000003,active,2025-08-08 06:16:45.80783+00,,
1ded5bf4-b2f5-437a-873a-fb7d9e3eb632,c1ea2000-0000-0000-0000-000000000001,aec3508d-ae2e-4371-8e29-a88eaf515986,c1ea2000-0000-0000-0000-000000000011,c1ea2000-0000-0000-0000-000000000002,active,2025-08-27 14:54:21.340153+00,,
1ec0225a-c5ed-43f9-b8f3-3ca454f670a1,c1ea2000-0000-0000-0000-000000000001,958a0821-3c2b-4248-8431-132924673ab8,c1ea2000-0000-0000-0000-000000000010,c1ea2000-0000-0000-0000-000000000002,active,2025-04-20 12:28:41.297423+00,,
1f40c758-70b3-441d-af53-976fae3c01e4,c1ea2000-0000-0000-0000-000000000001,b2c9d5f8-e751-4833-8c79-026f83c06b30,c1ea2000-0000-0000-0000-000000000031,c1ea2000-0000-0000-0000-000000000004,enrolled,2026-01-14 16:55:48.773772+00,,
1fffe28d-9b77-4c52-9c4f-17575bfd9d73,c1ea2000-0000-0000-0000-000000000001,5c098ae5-ce16-4907-8163-bcc8357ddf5f,c1ea2000-0000-0000-0000-000000000030,c1ea2000-0000-0000-0000-000000000004,completed,2025-05-09 15:13:45.536148+00,2026-02-03 11:19:53.444603+00,
20855472-f5f6-437b-9218-4367238e183e,c1ea2000-0000-0000-0000-000000000001,42f3f475-8163-4943-a9c0-2e764d813c2d,c1ea2000-0000-0000-0000-000000000012,c1ea2000-0000-0000-0000-000000000002,active,2025-10-15 15:27:42.147132+00,,
20e6d4ad-355a-4e4f-90d9-fd70037013b9,c1ea2000-0000-0000-0000-000000000001,7304cf0c-9f94-43aa-b822-e53b14dbb401,c1ea2000-0000-0000-0000-000000000020,c1ea2000-0000-0000-0000-000000000003,active,2025-08-13 21:19:59.786081+00,,
2127cc6a-a5ed-4b18-b5bf-e17894717437,c1ea2000-0000-0000-0000-000000000001,edbbe50f-30b7-482c-898e-e76cb19801c6,c1ea2000-0000-0000-0000-000000000021,c1ea2000-0000-0000-0000-000000000003,enrolled,2025-06-02 06:24:30.601912+00,,
21e772ea-9c2e-4cbc-b871-2c4e6d96aa83,c1ea2000-0000-0000-0000-000000000001,5b610136-1282-42b6-be3a-57b5e4bffb46,c1ea2000-0000-0000-0000-000000000012,c1ea2000-0000-0000-0000-000000000002,active,2025-11-21 03:38:49.067991+00,,
22bb3fc4-3d57-448d-a9c9-0697c6521b1a,c1ea2000-0000-0000-0000-000000000001,dfbd97d1-d336-465f-b94c-c5db269ee704,c1ea2000-0000-0000-0000-000000000010,c1ea2000-0000-0000-0000-000000000002,completed,2025-12-15 10:42:21.762019+00,2026-02-28 16:35:09.055821+00,
22e14bad-efea-446b-a30d-4c877594721b,c1ea2000-0000-0000-0000-000000000001,8eeb45e7-744e-49ef-9f5b-6848a21b5af4,c1ea2000-0000-0000-0000-000000000031,c1ea2000-0000-0000-0000-000000000004,enrolled,2026-02-26 19:43:39.544029+00,,
249d0e64-3d07-40db-bb3f-a07535fad9bc,c1ea2000-0000-0000-0000-000000000001,a9c1c7ff-31d9-46ca-bb4d-385edbdc063c,c1ea2000-0000-0000-0000-000000000020,c1ea2000-0000-0000-0000-000000000003,completed,2025-07-07 06:20:52.489426+00,2025-12-30 07:05:30.114008+00,
261f4d7a-2c41-4c03-8abf-c7b6a933480f,c1ea2000-0000-0000-0000-000000000001,03ed6f44-68b3-4ea1-aff8-c5051162c1a7,c1ea2000-0000-0000-0000-000000000010,c1ea2000-0000-0000-0000-000000000002,completed,2025-12-23 20:50:19.576903+00,2026-03-10 00:49:23.988453+00,
2649fa0f-dd56-4829-8efc-e630b3650efe,c1ea2000-0000-0000-0000-000000000001,067683d8-be49-4b6c-9fda-3a6c926df6c6,c1ea2000-0000-0000-0000-000000000012,c1ea2000-0000-0000-0000-000000000002,enrolled,2026-02-02 18:24:27.953028+00,,
27423624-a859-4c82-bbd3-b06f3cdbf063,c1ea2000-0000-0000-0000-000000000001,a578adaf-3ebb-4c8c-9392-cc37bc52a546,c1ea2000-0000-0000-0000-000000000020,c1ea2000-0000-0000-0000-000000000003,completed,2026-03-16 10:27:54.203736+00,2026-02-03 03:12:22.342464+00,
279bb54f-1c77-46c7-b572-68836504f68e,c1ea2000-0000-0000-0000-000000000001,03ed6f44-68b3-4ea1-aff8-c5051162c1a7,c1ea2000-0000-0000-0000-000000000011,c1ea2000-0000-0000-0000-000000000002,completed,2025-08-28 14:21:30.898663+00,2026-03-11 13:07:06.216239+00,
2810e55c-54fd-429c-b913-42a133a44a48,c1ea2000-0000-0000-0000-000000000001,9e7deb5c-26ff-4093-b1fd-a7b2dcbe2fab,c1ea2000-0000-0000-0000-000000000030,c1ea2000-0000-0000-0000-000000000004,enrolled,2025-11-20 01:53:43.576739+00,,
284c85d4-8986-4084-886f-59ed20ddf762,c1ea2000-0000-0000-0000-000000000001,50c919f5-e577-4860-8972-897d3bd6c399,c1ea2000-0000-0000-0000-000000000010,c1ea2000-0000-0000-0000-000000000002,enrolled,2025-10-30 13:37:25.327235+00,,
28a9fca6-c0db-4f82-8599-aa680fdb6b3d,c1ea2000-0000-0000-0000-000000000001,e99ed35c-fabe-430f-8648-2a71cd7fc920,c1ea2000-0000-0000-0000-000000000012,c1ea2000-0000-0000-0000-000000000002,active,2025-07-16 01:39:29.696174+00,,
292a872a-aa94-4746-b837-e85210022d5e,c1ea2000-0000-0000-0000-000000000001,a422db2b-2289-4677-b568-56f2955064cb,c1ea2000-0000-0000-0000-000000000011,c1ea2000-0000-0000-0000-000000000002,withdrawn,2026-01-03 04:54:54.825565+00,,
29373f0d-e23f-4bf7-8aab-5548c1ca919f,c1ea2000-0000-0000-0000-000000000001,afb79491-c4c9-47ee-a502-2cbafb9d8eab,c1ea2000-0000-0000-0000-000000000010,c1ea2000-0000-0000-0000-000000000002,completed,2025-06-09 15:31:02.829679+00,2026-02-03 06:23:10.722684+00,
2b901139-c2c0-4168-a6df-a499afc79b78,c1ea2000-0000-0000-0000-000000000001,2b61177d-dbae-48b5-a410-2f71b6c12e48,c1ea2000-0000-0000-0000-000000000010,c1ea2000-0000-0000-0000-000000000002,withdrawn,2025-10-28 12:19:41.935717+00,,
2c8d5ad2-1722-4189-9c13-f7090e74e880,c1ea2000-0000-0000-0000-000000000001,76c10050-b193-4b9f-b809-ae40329f2af0,c1ea2000-0000-0000-0000-000000000010,c1ea2000-0000-0000-0000-000000000002,withdrawn,2025-12-29 15:32:43.077856+00,,
2cba218b-d50d-46b3-8492-159be82f1674,c1ea2000-0000-0000-0000-000000000001,7d8e5465-9854-4204-a788-cca7662d80ff,c1ea2000-0000-0000-0000-000000000012,c1ea2000-0000-0000-0000-000000000002,active,2026-03-17 03:41:15.276303+00,,
2d3dd9a9-90d9-49e5-9fe7-6bb0ea0a425e,c1ea2000-0000-0000-0000-000000000001,6dda11ba-a22e-4745-b1f0-31506654cd82,c1ea2000-0000-0000-0000-000000000030,c1ea2000-0000-0000-0000-000000000004,enrolled,2025-06-29 16:19:21.192665+00,,
2d8a1087-d779-47b2-90a7-cb04a4b8b680,c1ea2000-0000-0000-0000-000000000001,b1e6f1d9-df7c-48f9-96c6-9f51a507e870,c1ea2000-0000-0000-0000-000000000011,c1ea2000-0000-0000-0000-000000000002,enrolled,2025-11-08 15:46:46.945087+00,,
2de93d04-78e2-4413-a0ef-7c86a4a6220f,c1ea2000-0000-0000-0000-000000000001,03848e01-efbe-4c66-a39e-b2ba83890a34,c1ea2000-0000-0000-0000-000000000010,c1ea2000-0000-0000-0000-000000000002,enrolled,2025-12-25 19:55:45.165471+00,,
2e6dffce-af63-4262-b527-150e4ae96987,c1ea2000-0000-0000-0000-000000000001,05e3234c-2fc2-46bd-9b42-5be429fc8434,c1ea2000-0000-0000-0000-000000000020,c1ea2000-0000-0000-0000-000000000003,active,2025-06-15 22:54:39.271564+00,,
3147a136-cbfd-4234-a98d-2bb142775626,c1ea2000-0000-0000-0000-000000000001,c79cba37-d1fe-40aa-a865-f1b66cf02f93,c1ea2000-0000-0000-0000-000000000021,c1ea2000-0000-0000-0000-000000000003,enrolled,2026-02-08 22:25:41.728464+00,,
318573a6-a49d-494e-909d-c8eabc592a3c,c1ea2000-0000-0000-0000-000000000001,38568808-d06a-4e71-8bf0-8bd53c453bac,c1ea2000-0000-0000-0000-000000000011,c1ea2000-0000-0000-0000-000000000002,completed,2025-07-29 01:36:50.895345+00,2026-02-01 17:49:45.329239+00,
323dd6c7-a1ef-4bbf-84cd-5fbc320a89e7,c1ea2000-0000-0000-0000-000000000001,d19f8208-1603-463a-90f5-eb31bdf1d675,c1ea2000-0000-0000-0000-000000000020,c1ea2000-0000-0000-0000-000000000003,completed,2025-12-23 10:32:09.579567+00,2026-01-12 11:17:36.03473+00,
33506ea7-c633-4c5b-aefa-e6dd14caeba0,c1ea2000-0000-0000-0000-000000000001,8c5a7d86-2c86-4990-a902-a3c74e741cb5,c1ea2000-0000-0000-0000-000000000010,c1ea2000-0000-0000-0000-000000000002,enrolled,2025-11-08 17:12:55.782637+00,,
33fd28b4-14f3-4b03-a3b3-8200d3bd2d36,c1ea2000-0000-0000-0000-000000000001,c8b4bed6-a0b3-449e-b571-e78a3281d224,c1ea2000-0000-0000-0000-000000000010,c1ea2000-0000-0000-0000-000000000002,completed,2025-06-03 22:00:51.891503+00,2026-01-26 10:31:41.241646+00,
3449a269-4fc0-4bc6-8d07-f0f61f9fa672,c1ea2000-0000-0000-0000-000000000001,98806da1-de2a-4b71-8337-39af1ca31e67,c1ea2000-0000-0000-0000-000000000022,c1ea2000-0000-0000-0000-000000000003,completed,2025-06-19 23:18:48.919726+00,2026-03-20 23:42:52.532699+00,
3474f64f-0071-421c-b937-5c022abbc1ee,c1ea2000-0000-0000-0000-000000000001,fd54d569-ef4b-431e-b580-5391eaba5b5b,c1ea2000-0000-0000-0000-000000000031,c1ea2000-0000-0000-0000-000000000004,enrolled,2026-01-14 17:13:44.102628+00,,
34bd62be-069f-4b5b-885c-d80da2dabd37,c1ea2000-0000-0000-0000-000000000001,7304cf0c-9f94-43aa-b822-e53b14dbb401,c1ea2000-0000-0000-0000-000000000010,c1ea2000-0000-0000-0000-000000000002,active,2025-10-26 05:51:32.632438+00,,
35b8c7b6-44f8-4148-9673-57e27d63e33f,c1ea2000-0000-0000-0000-000000000001,a9c1c7ff-31d9-46ca-bb4d-385edbdc063c,c1ea2000-0000-0000-0000-000000000030,c1ea2000-0000-0000-0000-000000000004,enrolled,2025-10-06 03:03:18.511871+00,,
35ee48c8-1d84-4b14-acda-f418ec80c088,c1ea2000-0000-0000-0000-000000000001,b42a65d4-4963-4f6c-aab8-3ca63e8f5774,c1ea2000-0000-0000-0000-000000000030,c1ea2000-0000-0000-0000-000000000004,enrolled,2025-07-04 11:23:56.394996+00,,
3615fc2d-8668-4458-85f0-485864cc7bf5,c1ea2000-0000-0000-0000-000000000001,30c70c2d-7946-488a-9b5d-f708e9982969,c1ea2000-0000-0000-0000-000000000010,c1ea2000-0000-0000-0000-000000000002,active,2026-03-21 10:56:04.711021+00,,
37e060ab-6eb3-44fd-9ae8-c1c7cbdfe7a2,c1ea2000-0000-0000-0000-000000000001,4f9540c4-2a5f-4271-9dc8-04455e901062,c1ea2000-0000-0000-0000-000000000030,c1ea2000-0000-0000-0000-000000000004,completed,2025-11-22 13:39:22.276274+00,2026-03-18 13:02:51.946745+00,
382bf807-9603-46d8-8d27-c76681494130,c1ea2000-0000-0000-0000-000000000001,ae4692f0-248d-493e-9744-14cf3a554115,c1ea2000-0000-0000-0000-000000000010,c1ea2000-0000-0000-0000-000000000002,completed,2025-07-13 08:22:51.44398+00,2026-01-08 11:41:08.200327+00,
39e7bcbf-e6e2-4d2e-bc2a-101366d4de26,c1ea2000-0000-0000-0000-000000000001,77001737-8f3e-4230-b92c-b647cd9d368d,c1ea2000-0000-0000-0000-000000000030,c1ea2000-0000-0000-0000-000000000004,active,2025-07-04 03:38:53.287789+00,,
39f1cf81-58ad-419c-8699-9fb7ef059385,c1ea2000-0000-0000-0000-000000000001,2233e144-94cd-4e4b-92bf-a28122990efa,c1ea2000-0000-0000-0000-000000000011,c1ea2000-0000-0000-0000-000000000002,completed,2025-03-28 03:00:18.556074+00,2026-02-04 17:41:13.536687+00,
3be10be2-7738-4c1e-b92e-45586f697f54,c1ea2000-0000-0000-0000-000000000001,2047abd5-43b7-4516-923e-b9e80058c86b,c1ea2000-0000-0000-0000-000000000013,c1ea2000-0000-0000-0000-000000000002,active,2026-01-08 14:17:23.95342+00,,
3c07ccd1-474e-4aba-9741-0191be33cb07,c1ea2000-0000-0000-0000-000000000001,96e39572-3ea4-48e0-9367-1317bd8bb601,c1ea2000-0000-0000-0000-000000000030,c1ea2000-0000-0000-0000-000000000004,completed,2025-12-01 12:26:18.543589+00,2025-12-26 13:50:35.570023+00,
3c7dc20e-0951-4fd0-a001-baaec647f7a9,c1ea2000-0000-0000-0000-000000000001,096fdb60-0c9b-46fe-9fa4-566a78fc1123,c1ea2000-0000-0000-0000-000000000012,c1ea2000-0000-0000-0000-000000000002,completed,2025-04-27 03:16:31.161635+00,2026-03-20 11:49:33.158429+00,
3cd10e3b-9f28-4b69-a533-e793e2c43b68,c1ea2000-0000-0000-0000-000000000001,cdd50f75-5304-4637-8919-05528ef794ad,c1ea2000-0000-0000-0000-000000000022,c1ea2000-0000-0000-0000-000000000003,completed,2025-05-18 17:50:59.804291+00,2026-02-13 14:34:19.039311+00,
3db5e834-3156-4a92-b69b-2b8f65552c83,c1ea2000-0000-0000-0000-000000000001,5c447ae7-0590-4adc-bb5b-ba5dac17d7e8,c1ea2000-0000-0000-0000-000000000022,c1ea2000-0000-0000-0000-000000000003,completed,2026-02-05 09:04:06.984363+00,2026-02-15 21:30:51.813929+00,
3ddc8af1-df6f-4e1a-ae00-0e38d48eac10,c1ea2000-0000-0000-0000-000000000001,563436dd-f40d-40f3-b0b4-f97eca64b17d,c1ea2000-0000-0000-0000-000000000030,c1ea2000-0000-0000-0000-000000000004,completed,2026-03-02 12:17:54.246284+00,2026-01-14 23:55:21.130114+00,
3f533560-146b-4f20-9975-b647d3e39723,c1ea2000-0000-0000-0000-000000000001,65a84db7-0372-4c8f-b34b-91949212f25e,c1ea2000-0000-0000-0000-000000000021,c1ea2000-0000-0000-0000-000000000003,active,2025-08-23 10:08:17.996078+00,,
41a39c24-304f-4065-86f7-49f5ed000a0e,c1ea2000-0000-0000-0000-000000000001,c18fa1b5-6a5c-4877-8fbe-d39df6619ccb,c1ea2000-0000-0000-0000-000000000031,c1ea2000-0000-0000-0000-000000000004,active,2026-03-24 03:55:43.580848+00,,
4237c43a-8285-41c8-a549-6facef04d122,c1ea2000-0000-0000-0000-000000000001,34de8035-c9c2-4db3-855a-24ed72ad231c,c1ea2000-0000-0000-0000-000000000010,c1ea2000-0000-0000-0000-000000000002,enrolled,2026-03-21 07:27:03.440735+00,,
43d2f136-f125-4bdc-8cf0-4b5b4ebb4d6c,c1ea2000-0000-0000-0000-000000000001,5cf4fddc-af49-4fc5-aafd-b384db1322c1,c1ea2000-0000-0000-0000-000000000011,c1ea2000-0000-0000-0000-000000000002,completed,2026-01-29 09:42:13.240706+00,2026-01-29 07:00:11.194445+00,
44bd40d7-b093-4e50-b677-b6b073750754,c1ea2000-0000-0000-0000-000000000001,cc7000b0-df1c-4e21-accd-3f18141be322,c1ea2000-0000-0000-0000-000000000030,c1ea2000-0000-0000-0000-000000000004,enrolled,2025-06-28 14:25:27.823853+00,,
44bf7006-1046-44e8-8886-f41362e7d549,c1ea2000-0000-0000-0000-000000000001,8ebb2cfa-75af-4300-8f74-f0ffb79fe8d3,c1ea2000-0000-0000-0000-000000000010,c1ea2000-0000-0000-0000-000000000002,completed,2025-05-17 08:44:13.433995+00,2026-02-01 15:39:56.166388+00,
44d7ed2a-5ac6-4cfd-b51a-37c3af26e197,c1ea2000-0000-0000-0000-000000000001,c388fd20-82aa-4fcb-a86b-2e3d8dd71d41,c1ea2000-0000-0000-0000-000000000022,c1ea2000-0000-0000-0000-000000000003,active,2026-03-16 20:35:55.002839+00,,
4536ae4d-9422-4781-836e-5ba328a6b927,c1ea2000-0000-0000-0000-000000000001,06a13fe0-c59f-4c0b-9cca-5de37c4cdb79,c1ea2000-0000-0000-0000-000000000012,c1ea2000-0000-0000-0000-000000000002,active,2025-08-05 13:12:24.132343+00,,
45949d38-7cf1-44d1-9cac-7f68fb86a906,c1ea2000-0000-0000-0000-000000000001,3c1aae56-da81-4a01-9430-ec16918775e9,c1ea2000-0000-0000-0000-000000000012,c1ea2000-0000-0000-0000-000000000002,active,2025-04-27 01:48:58.363451+00,,
45975688-38ab-4e46-ac5c-bc32f2ea4a0c,c1ea2000-0000-0000-0000-000000000001,c388fd20-82aa-4fcb-a86b-2e3d8dd71d41,c1ea2000-0000-0000-0000-000000000022,c1ea2000-0000-0000-0000-000000000003,active,2026-02-09 06:14:38.881884+00,,
45c61fa4-733d-4d7e-8ca4-2d12924c1c3c,c1ea2000-0000-0000-0000-000000000001,146b4836-2691-42f2-854b-028dafc5784a,c1ea2000-0000-0000-0000-000000000021,c1ea2000-0000-0000-0000-000000000003,enrolled,2026-01-17 14:14:11.325574+00,,
463fa69b-1539-471c-a9ec-1c08a99e7dbf,c1ea2000-0000-0000-0000-000000000001,f156d119-d2b3-461d-90a5-1bbe30a64e24,c1ea2000-0000-0000-0000-000000000030,c1ea2000-0000-0000-0000-000000000004,completed,2026-03-19 18:00:23.160433+00,2026-01-30 15:20:22.408706+00,
4724ba40-4579-4a2a-a387-72cf4d7aac03,c1ea2000-0000-0000-0000-000000000001,51100667-6228-4eee-9d51-22826a5bf053,c1ea2000-0000-0000-0000-000000000030,c1ea2000-0000-0000-0000-000000000004,enrolled,2025-08-18 09:35:28.694001+00,,
473fe627-caeb-429b-bfe9-8c532dd64466,c1ea2000-0000-0000-0000-000000000001,6f690794-4e31-450f-9b03-f44ec42acb51,c1ea2000-0000-0000-0000-000000000021,c1ea2000-0000-0000-0000-000000000003,active,2025-07-01 17:05:40.567307+00,,
47ab0095-3440-4daa-b781-c6e12f2d52cf,c1ea2000-0000-0000-0000-000000000001,5e776563-ae69-44f9-9c12-9dc38df8483b,c1ea2000-0000-0000-0000-000000000013,c1ea2000-0000-0000-0000-000000000002,completed,2025-06-13 16:16:00.127354+00,2025-12-30 04:25:31.356601+00,
486e1420-e136-4410-ab5c-fd083537af4b,c1ea2000-0000-0000-0000-000000000001,10815bf0-4da8-45b4-a980-1db8dea9cb52,c1ea2000-0000-0000-0000-000000000010,c1ea2000-0000-0000-0000-000000000002,active,2026-03-03 08:05:24.486745+00,,
4a16b02f-7453-4876-9fba-a69fa7d5fa80,c1ea2000-0000-0000-0000-000000000001,ebb7210d-4edb-4e57-9f39-7f7638b8ca2c,c1ea2000-0000-0000-0000-000000000011,c1ea2000-0000-0000-0000-000000000002,completed,2025-04-19 22:01:23.245332+00,2026-01-24 04:40:06.532947+00,
4bf28157-6cd0-4ffc-91d0-5e5bebf12d5a,c1ea2000-0000-0000-0000-000000000001,2b61177d-dbae-48b5-a410-2f71b6c12e48,c1ea2000-0000-0000-0000-000000000011,c1ea2000-0000-0000-0000-000000000002,completed,2025-12-23 01:09:45.33605+00,2026-01-30 09:33:55.108392+00,
4bfbd48b-575b-4af7-b23f-0a46921de390,c1ea2000-0000-0000-0000-000000000001,973a4d9a-2a42-44be-ba26-f8af77351ad6,c1ea2000-0000-0000-0000-000000000010,c1ea2000-0000-0000-0000-000000000002,completed,2026-02-17 02:07:33.853226+00,2026-03-14 12:12:50.285115+00,
4e5dd004-20dc-41e9-ab11-b145d2213fbe,c1ea2000-0000-0000-0000-000000000001,d679983e-ca24-4c92-b811-cc33f8293080,c1ea2000-0000-0000-0000-000000000020,c1ea2000-0000-0000-0000-000000000003,enrolled,2025-03-27 12:18:04.215894+00,,
4f2f17a8-2da1-4620-a96e-47bd41fbbb7f,c1ea2000-0000-0000-0000-000000000001,fdc791e5-28e0-4606-963e-716078745a9d,c1ea2000-0000-0000-0000-000000000020,c1ea2000-0000-0000-0000-000000000003,enrolled,2025-08-30 17:28:15.338402+00,,
4fd0abde-54ed-4bce-bc3e-caab6a063d5f,c1ea2000-0000-0000-0000-000000000001,e83eaf14-c744-4244-b307-0344f42d105b,c1ea2000-0000-0000-0000-000000000010,c1ea2000-0000-0000-0000-000000000002,enrolled,2025-08-26 08:15:07.829903+00,,
4feb1ef2-8719-41db-865b-a9d9a6236e29,c1ea2000-0000-0000-0000-000000000001,cbf97ba0-aff0-4b83-b668-ab3f99ae9a7a,c1ea2000-0000-0000-0000-000000000022,c1ea2000-0000-0000-0000-000000000003,active,2025-12-12 16:23:29.868217+00,,
501b01e7-066f-409b-b100-6f4b6af750b9,c1ea2000-0000-0000-0000-000000000001,a3704a63-eb57-41e7-ba9e-c71a188901ba,c1ea2000-0000-0000-0000-000000000031,c1ea2000-0000-0000-0000-000000000004,enrolled,2025-04-06 19:01:19.340136+00,,
504972ee-a0b3-4a8b-a0d0-ec600a18d5ed,c1ea2000-0000-0000-0000-000000000001,05beb600-68c0-4fbb-ae0d-6e12161e2ccd,c1ea2000-0000-0000-0000-000000000010,c1ea2000-0000-0000-0000-000000000002,completed,2025-05-16 06:57:52.499114+00,2026-01-18 04:26:29.958747+00,
506a072f-251f-473e-a4a8-cb9a7f54f666,c1ea2000-0000-0000-0000-000000000001,e176ea69-3f93-43f5-9d3b-8d3c695729ef,c1ea2000-0000-0000-0000-000000000021,c1ea2000-0000-0000-0000-000000000003,active,2025-12-25 13:53:11.351775+00,,
51edc310-c1fd-4b04-9dbb-9a2662b7c071,c1ea2000-0000-0000-0000-000000000001,124c2738-be95-4c74-9398-5c5a16bb74d5,c1ea2000-0000-0000-0000-000000000012,c1ea2000-0000-0000-0000-000000000002,active,2025-04-28 07:56:59.026427+00,,
525ef5d1-40d7-4bdd-b597-4a7119cc63fd,c1ea2000-0000-0000-0000-000000000001,b24a7b4c-b26f-484f-925e-c66237103c1b,c1ea2000-0000-0000-0000-000000000013,c1ea2000-0000-0000-0000-000000000002,active,2025-04-13 23:07:04.432731+00,,
5358911e-0bee-4a1a-ad27-40e57343f518,c1ea2000-0000-0000-0000-000000000001,675e9814-28ef-4e44-b67c-c69b987f42d4,c1ea2000-0000-0000-0000-000000000013,c1ea2000-0000-0000-0000-000000000002,active,2025-09-20 23:29:43.422224+00,,
542af638-f9aa-44f2-aedb-2181966e84d9,c1ea2000-0000-0000-0000-000000000001,51100667-6228-4eee-9d51-22826a5bf053,c1ea2000-0000-0000-0000-000000000022,c1ea2000-0000-0000-0000-000000000003,completed,2025-10-18 18:43:16.022924+00,2026-01-22 06:26:01.401142+00,
54480cac-2798-4782-8a2b-449e8e0a1d2a,c1ea2000-0000-0000-0000-000000000001,26c92d0a-670c-45af-b404-bab753cba9b3,c1ea2000-0000-0000-0000-000000000010,c1ea2000-0000-0000-0000-000000000002,enrolled,2025-04-01 12:24:54.210574+00,,
5554140b-b5c8-48d8-8bdd-e2ad2582adf8,c1ea2000-0000-0000-0000-000000000001,43d606ad-3509-4ed5-b660-369bbab935a5,c1ea2000-0000-0000-0000-000000000011,c1ea2000-0000-0000-0000-000000000002,enrolled,2026-03-09 06:14:56.893373+00,,
56fca0c1-af37-43f8-ba3c-920cc60a5093,c1ea2000-0000-0000-0000-000000000001,e57360db-ecdd-4a6b-98c8-3464794a6d24,c1ea2000-0000-0000-0000-000000000021,c1ea2000-0000-0000-0000-000000000003,active,2025-07-29 20:41:51.878624+00,,
57140bb2-bc81-44dc-b5fc-3b2eea4bf3a1,c1ea2000-0000-0000-0000-000000000001,067683d8-be49-4b6c-9fda-3a6c926df6c6,c1ea2000-0000-0000-0000-000000000010,c1ea2000-0000-0000-0000-000000000002,completed,2025-04-16 08:55:14.246468+00,2026-02-25 12:44:08.013275+00,
58330df9-6521-49ed-8a19-d3a2c9256391,c1ea2000-0000-0000-0000-000000000001,89cb388e-dbeb-416b-a6db-ccd8c82bab69,c1ea2000-0000-0000-0000-000000000011,c1ea2000-0000-0000-0000-000000000002,enrolled,2025-04-08 15:37:59.129823+00,,
59472de1-7866-4618-958d-b274040c271e,c1ea2000-0000-0000-0000-000000000001,9e7deb5c-26ff-4093-b1fd-a7b2dcbe2fab,c1ea2000-0000-0000-0000-000000000010,c1ea2000-0000-0000-0000-000000000002,active,2025-06-13 01:15:38.456622+00,,
59f278a9-53da-436d-bf21-cb475085fad7,c1ea2000-0000-0000-0000-000000000001,eff8b3a6-aac5-4dd8-b207-758e7072a479,c1ea2000-0000-0000-0000-000000000020,c1ea2000-0000-0000-0000-000000000003,enrolled,2025-04-21 14:47:56.991296+00,,
5a6cddfb-01c9-482b-859f-c26e3638ecc1,c1ea2000-0000-0000-0000-000000000001,80c42218-9468-4a06-9ac3-a72a472f9d2f,c1ea2000-0000-0000-0000-000000000010,c1ea2000-0000-0000-0000-000000000002,withdrawn,2026-02-27 02:26:24.424129+00,,
5ade4e24-48b3-4bb2-a5a9-c595f19c052e,c1ea2000-0000-0000-0000-000000000001,3eefb775-19d2-4d0f-b5e0-52605d5faf4b,c1ea2000-0000-0000-0000-000000000011,c1ea2000-0000-0000-0000-000000000002,withdrawn,2025-12-25 22:31:04.626502+00,,
5cb2348a-aa82-44a4-a25d-64b9ea94324d,c1ea2000-0000-0000-0000-000000000001,e2be63d8-538a-47f1-8437-a1925c2ec2ce,c1ea2000-0000-0000-0000-000000000010,c1ea2000-0000-0000-0000-000000000002,withdrawn,2025-10-15 04:41:42.055055+00,,
5cd0987c-fd91-4c9a-9154-22ec50d60dbc,c1ea2000-0000-0000-0000-000000000001,13406acd-7934-4d5b-bb87-c8f0a4839e8e,c1ea2000-0000-0000-0000-000000000021,c1ea2000-0000-0000-0000-000000000003,enrolled,2025-08-21 06:48:05.367447+00,,
5cf44168-993f-492a-b408-8b4ba0754b2d,c1ea2000-0000-0000-0000-000000000001,71f87d1a-962a-430c-9d93-0508bd4a3ff9,c1ea2000-0000-0000-0000-000000000010,c1ea2000-0000-0000-0000-000000000002,completed,2025-06-09 04:18:08.374762+00,2026-01-07 07:13:19.494874+00,
5d22f44b-8cea-4cbf-97c9-0a4e70874195,c1ea2000-0000-0000-0000-000000000001,91d6e490-25d4-4548-96b9-f7bf3018fc96,c1ea2000-0000-0000-0000-000000000020,c1ea2000-0000-0000-0000-000000000003,completed,2026-02-24 04:12:06.83384+00,2026-01-15 00:25:26.253493+00,
5f8e50b7-8ac9-4fb5-b052-860e7216a821,c1ea2000-0000-0000-0000-000000000001,5b610136-1282-42b6-be3a-57b5e4bffb46,c1ea2000-0000-0000-0000-000000000030,c1ea2000-0000-0000-0000-000000000004,active,2026-01-07 20:25:35.205277+00,,
60763869-dd36-4d32-8e29-2cc66ebc99ea,c1ea2000-0000-0000-0000-000000000001,727903fc-a087-441a-a954-d3c7c9edca65,c1ea2000-0000-0000-0000-000000000021,c1ea2000-0000-0000-0000-000000000003,enrolled,2025-10-07 07:50:56.26467+00,,
6144655f-02b7-41e3-9098-66e4860b24a8,c1ea2000-0000-0000-0000-000000000001,7304cf0c-9f94-43aa-b822-e53b14dbb401,c1ea2000-0000-0000-0000-000000000020,c1ea2000-0000-0000-0000-000000000003,enrolled,2025-12-19 21:06:45.58854+00,,
61548857-bd60-477d-b705-f587cde7871c,c1ea2000-0000-0000-0000-000000000001,c02b01a8-60ed-41c1-9b26-155cb12ae875,c1ea2000-0000-0000-0000-000000000013,c1ea2000-0000-0000-0000-000000000002,active,2026-01-31 22:10:03.356006+00,,
6177f608-4e16-46ed-bd6f-21d43e5e3c1b,c1ea2000-0000-0000-0000-000000000001,b38a635e-75f3-4f64-9408-b1a5fa42352f,c1ea2000-0000-0000-0000-000000000020,c1ea2000-0000-0000-0000-000000000003,enrolled,2025-09-14 18:25:20.30532+00,,
619653a8-fe6c-4a48-bf81-fed02d08394b,c1ea2000-0000-0000-0000-000000000001,cc7000b0-df1c-4e21-accd-3f18141be322,c1ea2000-0000-0000-0000-000000000013,c1ea2000-0000-0000-0000-000000000002,completed,2025-04-27 05:55:04.815358+00,2026-01-25 03:47:09.99926+00,
62e06e63-88ec-4556-8027-811f2699a311,c1ea2000-0000-0000-0000-000000000001,f20eda01-ab14-416e-80f4-15018016d8ef,c1ea2000-0000-0000-0000-000000000011,c1ea2000-0000-0000-0000-000000000002,active,2025-08-08 13:31:49.019208+00,,
62f2a678-162d-42f7-b038-7c3760118d67,c1ea2000-0000-0000-0000-000000000001,cdf095c6-4902-470f-bcb8-5168af599a3a,c1ea2000-0000-0000-0000-000000000030,c1ea2000-0000-0000-0000-000000000004,completed,2026-03-16 02:40:20.792412+00,2026-02-19 11:44:29.915229+00,
662e07e5-bbe5-43cd-a6c7-04047ee9a92f,c1ea2000-0000-0000-0000-000000000001,10fbfea0-2f5f-48f0-b505-438a3f123177,c1ea2000-0000-0000-0000-000000000020,c1ea2000-0000-0000-0000-000000000003,completed,2025-11-25 22:51:27.318403+00,2026-01-06 03:20:10.814242+00,
66bbc1c0-6b5b-4956-a158-d56f35cad81d,c1ea2000-0000-0000-0000-000000000001,2ebed895-2965-40ee-ad64-60ee32c7bf77,c1ea2000-0000-0000-0000-000000000030,c1ea2000-0000-0000-0000-000000000004,enrolled,2025-12-07 23:13:13.644265+00,,
679b4e8a-7153-488c-8e22-4ff9493f419b,c1ea2000-0000-0000-0000-000000000001,b2c9d5f8-e751-4833-8c79-026f83c06b30,c1ea2000-0000-0000-0000-000000000013,c1ea2000-0000-0000-0000-000000000002,active,2025-04-21 02:33:06.585227+00,,
6b683c0e-7a44-41a9-bd41-30ce5fb1e18b,c1ea2000-0000-0000-0000-000000000001,067683d8-be49-4b6c-9fda-3a6c926df6c6,c1ea2000-0000-0000-0000-000000000030,c1ea2000-0000-0000-0000-000000000004,enrolled,2025-11-14 11:15:19.252861+00,,
6c1b3f38-3684-40ab-9611-af73fc5d3bd4,c1ea2000-0000-0000-0000-000000000001,c3025f49-6fbc-4fde-a96c-65dc103e4181,c1ea2000-0000-0000-0000-000000000030,c1ea2000-0000-0000-0000-000000000004,active,2025-06-12 13:27:58.538457+00,,
6c5aa28d-e6b5-4560-a243-aee335ddf834,c1ea2000-0000-0000-0000-000000000001,7304cf0c-9f94-43aa-b822-e53b14dbb401,c1ea2000-0000-0000-0000-000000000030,c1ea2000-0000-0000-0000-000000000004,enrolled,2026-01-17 17:26:45.408779+00,,
6c808854-6b76-4e01-952b-8b3a25ec2b86,c1ea2000-0000-0000-0000-000000000001,4f9da583-5ea8-470f-a248-2717b6232e76,c1ea2000-0000-0000-0000-000000000012,c1ea2000-0000-0000-0000-000000000002,active,2025-05-31 10:45:23.583978+00,,
6cad6459-52b8-487f-85a9-c480886e61d9,c1ea2000-0000-0000-0000-000000000001,49bc2505-edf1-4731-9107-b4e680189a87,c1ea2000-0000-0000-0000-000000000021,c1ea2000-0000-0000-0000-000000000003,active,2025-10-16 09:44:42.972867+00,,
6d4c9b0c-db43-45da-8dd9-833fb3de2cf1,c1ea2000-0000-0000-0000-000000000001,e028672f-e3f2-4202-9d00-c2b8806b60a3,c1ea2000-0000-0000-0000-000000000030,c1ea2000-0000-0000-0000-000000000004,active,2025-11-18 20:16:11.073409+00,,
6fc48acf-2ecd-4fd5-8886-8fe291d4672c,c1ea2000-0000-0000-0000-000000000001,124c2738-be95-4c74-9398-5c5a16bb74d5,c1ea2000-0000-0000-0000-000000000010,c1ea2000-0000-0000-0000-000000000002,withdrawn,2025-08-28 20:59:15.237147+00,,
6feb7662-1f23-469e-a529-fd12df1a47f2,c1ea2000-0000-0000-0000-000000000001,9c41718b-79a4-46bd-94d7-176a901dac86,c1ea2000-0000-0000-0000-000000000012,c1ea2000-0000-0000-0000-000000000002,completed,2025-09-07 18:21:15.658106+00,2026-03-06 12:37:08.052356+00,
71626b7a-fa1c-40d6-aa54-6944ff731191,c1ea2000-0000-0000-0000-000000000001,723ae016-9932-4e76-982b-7043db496757,c1ea2000-0000-0000-0000-000000000020,c1ea2000-0000-0000-0000-000000000003,active,2025-05-12 09:46:11.219454+00,,
717baaad-9504-45fe-a19f-98fb8ab83d78,c1ea2000-0000-0000-0000-000000000001,84df840f-5a5d-49f7-bc3d-8b858b5d14aa,c1ea2000-0000-0000-0000-000000000011,c1ea2000-0000-0000-0000-000000000002,withdrawn,2026-01-10 14:24:56.737503+00,,
73aa245d-770b-42ad-a597-28c068d768e3,c1ea2000-0000-0000-0000-000000000001,44ad9631-25ed-409b-8eab-94d8b4365106,c1ea2000-0000-0000-0000-000000000011,c1ea2000-0000-0000-0000-000000000002,active,2026-02-15 02:16:13.100924+00,,
73c55829-ac93-42e7-8967-a4b4189b1880,c1ea2000-0000-0000-0000-000000000001,43671cfc-ebb0-43fe-8fa0-e4d98d591c68,c1ea2000-0000-0000-0000-000000000010,c1ea2000-0000-0000-0000-000000000002,completed,2025-04-25 03:34:34.953456+00,2026-01-31 01:38:11.720986+00,
752a1d1a-5489-4e27-b41c-4f89b25a1982,c1ea2000-0000-0000-0000-000000000001,55144802-99bc-41dc-ba6a-03d2cad4729d,c1ea2000-0000-0000-0000-000000000010,c1ea2000-0000-0000-0000-000000000002,withdrawn,2026-01-12 21:02:17.241666+00,,
75a74733-b801-4e1b-8c4c-bed0ccf42925,c1ea2000-0000-0000-0000-000000000001,5806e914-635c-4a7b-a014-197688fd191b,c1ea2000-0000-0000-0000-000000000020,c1ea2000-0000-0000-0000-000000000003,active,2025-07-16 10:48:56.46325+00,,
768d5b67-3d45-41b6-aa37-441a37009a2a,c1ea2000-0000-0000-0000-000000000001,3fa485a9-6c90-4d3f-aa5a-40738103da22,c1ea2000-0000-0000-0000-000000000020,c1ea2000-0000-0000-0000-000000000003,enrolled,2025-08-13 09:52:31.489569+00,,
770ab7de-0fea-4526-83f1-24911e7e1840,c1ea2000-0000-0000-0000-000000000001,f835d5b7-0446-4d63-91ad-be58ce6c6139,c1ea2000-0000-0000-0000-000000000012,c1ea2000-0000-0000-0000-000000000002,enrolled,2025-08-25 05:48:18.400912+00,,
78ac0740-4caf-4215-b05a-d615deed4b26,c1ea2000-0000-0000-0000-000000000001,fe210721-0b34-4e1f-a372-0e981ad2b45e,c1ea2000-0000-0000-0000-000000000021,c1ea2000-0000-0000-0000-000000000003,enrolled,2026-03-22 21:30:43.3742+00,,
78cf6d6f-6860-41d2-8c46-f37860e54014,c1ea2000-0000-0000-0000-000000000001,37bbe385-f8fc-409e-b4f4-225cdcfbf12d,c1ea2000-0000-0000-0000-000000000010,c1ea2000-0000-0000-0000-000000000002,completed,2026-01-08 22:41:14.462837+00,2026-03-20 10:21:18.634332+00,
79b2cea7-8d07-4ac6-a97d-b04873cf02b1,c1ea2000-0000-0000-0000-000000000001,4f9540c4-2a5f-4271-9dc8-04455e901062,c1ea2000-0000-0000-0000-000000000012,c1ea2000-0000-0000-0000-000000000002,completed,2025-04-24 09:02:08.886403+00,2025-12-30 13:30:08.846357+00,
7aeab559-36c4-4de4-b413-0dedc8a29664,c1ea2000-0000-0000-0000-000000000001,278b8a09-8b57-4797-a566-e8066fd2280b,c1ea2000-0000-0000-0000-000000000022,c1ea2000-0000-0000-0000-000000000003,completed,2026-02-25 21:21:39.005725+00,2026-01-07 22:16:52.714703+00,
7b883656-f9c7-4d38-bd52-90012c5bc74a,c1ea2000-0000-0000-0000-000000000001,62cdefe5-1eae-4e98-8123-658fd4ddbcca,c1ea2000-0000-0000-0000-000000000012,c1ea2000-0000-0000-0000-000000000002,active,2025-08-19 01:35:13.661704+00,,
7b8da5dd-3800-4504-bf06-dd161d845943,c1ea2000-0000-0000-0000-000000000001,d66870c6-d498-4fb9-9767-1b4984c182e2,c1ea2000-0000-0000-0000-000000000030,c1ea2000-0000-0000-0000-000000000004,active,2025-05-01 19:57:31.395491+00,,
7bb6ef1f-b0cb-436b-8293-0e5db8345c87,c1ea2000-0000-0000-0000-000000000001,285fb4dc-fe13-4cf5-91ac-1c1f565853c4,c1ea2000-0000-0000-0000-000000000010,c1ea2000-0000-0000-0000-000000000002,enrolled,2025-08-08 08:25:21.064742+00,,
7bcfa9cf-1e7b-4908-8ed1-aeb46060d515,c1ea2000-0000-0000-0000-000000000001,5c630123-ce2c-4d0d-b944-73e88f17038f,c1ea2000-0000-0000-0000-000000000013,c1ea2000-0000-0000-0000-000000000002,active,2025-07-16 00:30:18.9557+00,,
7e1e041d-535f-40c2-aa5d-ff848cfdbdb4,c1ea2000-0000-0000-0000-000000000001,53ae8f51-bf09-4926-a6ce-cfbebed09c04,c1ea2000-0000-0000-0000-000000000011,c1ea2000-0000-0000-0000-000000000002,withdrawn,2026-01-24 02:31:35.98523+00,,
805db309-67f4-4da5-a7ab-018c55890adb,c1ea2000-0000-0000-0000-000000000001,5e912276-3558-4c79-9216-bc80e3274d1d,c1ea2000-0000-0000-0000-000000000010,c1ea2000-0000-0000-0000-000000000002,enrolled,2026-03-03 09:10:56.622222+00,,
80cf52b2-7e31-4eba-a426-2340ecb3c859,c1ea2000-0000-0000-0000-000000000001,84df840f-5a5d-49f7-bc3d-8b858b5d14aa,c1ea2000-0000-0000-0000-000000000022,c1ea2000-0000-0000-0000-000000000003,active,2026-01-14 04:11:59.394553+00,,
81864927-c749-4f10-aa81-315cd24942d4,c1ea2000-0000-0000-0000-000000000001,e83eaf14-c744-4244-b307-0344f42d105b,c1ea2000-0000-0000-0000-000000000021,c1ea2000-0000-0000-0000-000000000003,active,2025-04-04 10:29:20.110716+00,,
837ffefd-65fc-405b-8a27-088654e354d8,c1ea2000-0000-0000-0000-000000000001,c18fa1b5-6a5c-4877-8fbe-d39df6619ccb,c1ea2000-0000-0000-0000-000000000010,c1ea2000-0000-0000-0000-000000000002,withdrawn,2025-12-06 21:22:15.496087+00,,
83861bf1-4351-4598-8d68-8f239052d5b3,c1ea2000-0000-0000-0000-000000000001,6431533c-c1d0-453d-8444-f16da4e28e73,c1ea2000-0000-0000-0000-000000000011,c1ea2000-0000-0000-0000-000000000002,withdrawn,2025-09-02 07:08:08.14918+00,,
87b02456-df67-43c5-9bd9-465d2600dd5e,c1ea2000-0000-0000-0000-000000000001,5dc3c2cb-1311-4827-8260-8408e61cdeab,c1ea2000-0000-0000-0000-000000000012,c1ea2000-0000-0000-0000-000000000002,completed,2025-04-25 03:48:52.147454+00,2026-03-09 14:50:48.093052+00,
888a4d1a-423e-40ea-b39e-d1da84eb1cc8,c1ea2000-0000-0000-0000-000000000001,c29cc2e7-c283-4fd6-a112-87ceb5b8a469,c1ea2000-0000-0000-0000-000000000012,c1ea2000-0000-0000-0000-000000000002,active,2026-01-01 01:31:01.005297+00,,
88f2d6ad-d0f7-47db-8a12-b4b19f5fb71a,c1ea2000-0000-0000-0000-000000000001,ff2cd927-a3f5-4436-9b6d-7e6681852cb2,c1ea2000-0000-0000-0000-000000000010,c1ea2000-0000-0000-0000-000000000002,active,2025-10-27 14:39:40.874638+00,,
8942023f-9ce9-4fec-96d2-68b66e0a70e1,c1ea2000-0000-0000-0000-000000000001,de4bf952-e462-4336-bcc0-65232d127ad3,c1ea2000-0000-0000-0000-000000000030,c1ea2000-0000-0000-0000-000000000004,completed,2025-10-02 09:46:32.11352+00,2026-02-23 14:58:27.168661+00,
8a376f95-f283-4fd6-ba2e-3367cc710571,c1ea2000-0000-0000-0000-000000000001,50c919f5-e577-4860-8972-897d3bd6c399,c1ea2000-0000-0000-0000-000000000013,c1ea2000-0000-0000-0000-000000000002,active,2025-11-05 11:10:13.822682+00,,
8a6ff8bb-cc15-4479-882e-d392c697175d,c1ea2000-0000-0000-0000-000000000001,cc7000b0-df1c-4e21-accd-3f18141be322,c1ea2000-0000-0000-0000-000000000012,c1ea2000-0000-0000-0000-000000000002,active,2025-07-26 00:02:41.801161+00,,
8abc3149-6c91-4cef-a103-71cd8767e03e,c1ea2000-0000-0000-0000-000000000001,bc07da49-e73f-4d93-86c2-9fca2eaa2a01,c1ea2000-0000-0000-0000-000000000022,c1ea2000-0000-0000-0000-000000000003,completed,2025-12-03 04:49:30.557309+00,2026-02-21 18:27:58.429598+00,
8c3af826-2d33-4e4e-b318-b7aecd0f80d1,c1ea2000-0000-0000-0000-000000000001,871486ed-5cd3-4403-aec6-66289e61e1b1,c1ea2000-0000-0000-0000-000000000013,c1ea2000-0000-0000-0000-000000000002,active,2025-08-14 05:00:13.677432+00,,
8c910e25-0b8b-4b77-87b3-b32ae2855772,c1ea2000-0000-0000-0000-000000000001,2317fb55-fd77-4543-98cf-0b82ec4b4bc3,c1ea2000-0000-0000-0000-000000000011,c1ea2000-0000-0000-0000-000000000002,active,2025-07-02 09:27:11.456764+00,,
8cd845bd-4c1c-413a-a900-d37e0e7b8672,c1ea2000-0000-0000-0000-000000000001,bac5b924-190e-4636-a7db-041ff582d7c8,c1ea2000-0000-0000-0000-000000000022,c1ea2000-0000-0000-0000-000000000003,completed,2025-10-28 18:25:54.138244+00,2026-02-07 21:27:45.260871+00,
8d305ebf-0df9-4c4b-ba60-e247d0ea57a2,c1ea2000-0000-0000-0000-000000000001,71708508-a0aa-4e02-9cea-d38fbf1091ef,c1ea2000-0000-0000-0000-000000000010,c1ea2000-0000-0000-0000-000000000002,withdrawn,2025-03-28 04:10:43.377032+00,,
8d46d5e6-0d77-4c7b-befa-d26edd101708,c1ea2000-0000-0000-0000-000000000001,3d712609-8935-4ade-825a-a7bfe4e7b7d8,c1ea2000-0000-0000-0000-000000000030,c1ea2000-0000-0000-0000-000000000004,enrolled,2026-01-15 11:52:08.646295+00,,
8dd40117-5038-49a6-9dc3-476cde152f18,c1ea2000-0000-0000-0000-000000000001,eec70507-286d-4e0d-9755-e733f1849bb4,c1ea2000-0000-0000-0000-000000000021,c1ea2000-0000-0000-0000-000000000003,enrolled,2025-11-06 12:57:18.758196+00,,
8f65cbe0-9896-4f58-a87c-ce07b0defe02,c1ea2000-0000-0000-0000-000000000001,6538055f-6ea2-4c06-9029-ff0af5471053,c1ea2000-0000-0000-0000-000000000010,c1ea2000-0000-0000-0000-000000000002,completed,2026-01-21 17:34:08.318001+00,2026-02-07 12:54:12.057588+00,
91d1795a-e545-4954-9ee9-d395ed485499,c1ea2000-0000-0000-0000-000000000001,9606c241-038a-4533-91a8-ae9b1231779c,c1ea2000-0000-0000-0000-000000000031,c1ea2000-0000-0000-0000-000000000004,active,2025-08-27 01:39:16.429901+00,,
92944a16-0080-4514-9b30-c7973191e6eb,c1ea2000-0000-0000-0000-000000000001,b61f1517-6184-4192-b021-398fdaa77490,c1ea2000-0000-0000-0000-000000000020,c1ea2000-0000-0000-0000-000000000003,completed,2025-07-04 16:17:21.824271+00,2026-02-12 00:04:26.41757+00,
92f5d1c7-59f6-4595-9d7d-b10952504b7e,c1ea2000-0000-0000-0000-000000000001,b891fc57-b420-4b73-a176-22c98ffc74fe,c1ea2000-0000-0000-0000-000000000030,c1ea2000-0000-0000-0000-000000000004,active,2025-06-15 13:31:20.39684+00,,
940cdcb8-0861-4539-8dcf-8504cd975c69,c1ea2000-0000-0000-0000-000000000001,285fb4dc-fe13-4cf5-91ac-1c1f565853c4,c1ea2000-0000-0000-0000-000000000013,c1ea2000-0000-0000-0000-000000000002,completed,2025-05-28 19:14:38.096828+00,2026-02-27 17:08:22.650545+00,
94d77654-b650-433f-947c-09abe030d868,c1ea2000-0000-0000-0000-000000000001,84df840f-5a5d-49f7-bc3d-8b858b5d14aa,c1ea2000-0000-0000-0000-000000000010,c1ea2000-0000-0000-0000-000000000002,active,2025-06-05 19:15:22.689366+00,,
94f5d21f-3c25-4693-9d01-ba06a3f07704,c1ea2000-0000-0000-0000-000000000001,30ed60ed-7d3e-4872-840b-69074da06819,c1ea2000-0000-0000-0000-000000000010,c1ea2000-0000-0000-0000-000000000002,completed,2025-11-01 01:04:14.592195+00,2026-01-19 21:19:05.339487+00,
9579530e-cba5-4d52-944e-1d1a18bd1238,c1ea2000-0000-0000-0000-000000000001,07940ae8-4ff1-4aa1-9eb2-9425cd4db827,c1ea2000-0000-0000-0000-000000000013,c1ea2000-0000-0000-0000-000000000002,active,2026-01-30 03:52:35.289396+00,,
9940deb3-071c-4f68-8bf7-575cdd9f7ad5,c1ea2000-0000-0000-0000-000000000001,7b73302d-daca-4d61-8fe7-6e5274707db9,c1ea2000-0000-0000-0000-000000000010,c1ea2000-0000-0000-0000-000000000002,active,2025-12-18 07:02:49.870223+00,,
994b34a5-6618-4760-9e6a-1ce49aec19ed,c1ea2000-0000-0000-0000-000000000001,5dc3c2cb-1311-4827-8260-8408e61cdeab,c1ea2000-0000-0000-0000-000000000010,c1ea2000-0000-0000-0000-000000000002,completed,2026-03-14 12:26:26.631795+00,2026-03-22 11:13:09.042672+00,
9a0485bf-f9ad-4ba5-ac8b-6cdc97bb850d,c1ea2000-0000-0000-0000-000000000001,285fb4dc-fe13-4cf5-91ac-1c1f565853c4,c1ea2000-0000-0000-0000-000000000020,c1ea2000-0000-0000-0000-000000000003,active,2025-12-23 16:32:31.167243+00,,
9b34a951-bc8c-450a-b031-c01720ce9c1f,c1ea2000-0000-0000-0000-000000000001,071354eb-9416-4240-a964-c08ce4be00e6,c1ea2000-0000-0000-0000-000000000012,c1ea2000-0000-0000-0000-000000000002,completed,2025-10-11 17:06:13.085882+00,2025-12-31 07:40:49.516963+00,
9b7f8f97-01a8-4895-9086-0b33169d567f,c1ea2000-0000-0000-0000-000000000001,c483495e-4bd1-40c4-9bf1-4ea00d40d475,c1ea2000-0000-0000-0000-000000000011,c1ea2000-0000-0000-0000-000000000002,enrolled,2026-02-09 04:39:16.024279+00,,
9c2bd6c7-d3e6-4320-9d26-837c6f30506d,c1ea2000-0000-0000-0000-000000000001,7d0de335-0f91-40f2-abab-27c2aaf7dc20,c1ea2000-0000-0000-0000-000000000022,c1ea2000-0000-0000-0000-000000000003,active,2025-06-20 04:47:29.871918+00,,
9cc9dd3e-27a6-4271-a08d-27c2aa04acd4,c1ea2000-0000-0000-0000-000000000001,3e145a50-7fce-43be-8540-7f97209218f0,c1ea2000-0000-0000-0000-000000000031,c1ea2000-0000-0000-0000-000000000004,active,2025-05-13 04:47:09.352017+00,,
9d4e2f14-be70-4514-93fc-8f8385c3118d,c1ea2000-0000-0000-0000-000000000001,50c919f5-e577-4860-8972-897d3bd6c399,c1ea2000-0000-0000-0000-000000000031,c1ea2000-0000-0000-0000-000000000004,active,2025-08-10 07:19:23.3472+00,,
9eec056e-d6c9-487d-8e44-c094db6ce990,c1ea2000-0000-0000-0000-000000000001,fe22c297-c7ce-4a2a-a29c-69938811fb8e,c1ea2000-0000-0000-0000-000000000010,c1ea2000-0000-0000-0000-000000000002,enrolled,2026-01-16 15:39:20.353765+00,,
9f3ea0da-8458-47e1-823f-1f16afa0c337,c1ea2000-0000-0000-0000-000000000001,cc7000b0-df1c-4e21-accd-3f18141be322,c1ea2000-0000-0000-0000-000000000020,c1ea2000-0000-0000-0000-000000000003,enrolled,2025-11-28 14:05:45.374171+00,,
a02a206f-8582-4a90-a3a9-a6000e16dbc8,c1ea2000-0000-0000-0000-000000000001,6ee1405a-4591-48bb-98e0-01866adfed4b,c1ea2000-0000-0000-0000-000000000012,c1ea2000-0000-0000-0000-000000000002,active,2025-10-20 20:46:11.669606+00,,
a19cde44-befe-4a97-b888-a4e4e8558ca1,c1ea2000-0000-0000-0000-000000000001,bef812ac-f21f-4598-931a-4390b80bb639,c1ea2000-0000-0000-0000-000000000030,c1ea2000-0000-0000-0000-000000000004,enrolled,2026-02-21 03:35:22.215052+00,,
a258e5e2-711f-47f6-b242-40df116ff376,c1ea2000-0000-0000-0000-000000000001,fdc15a4e-17d8-4ccc-abb9-300329308f58,c1ea2000-0000-0000-0000-000000000013,c1ea2000-0000-0000-0000-000000000002,active,2025-09-12 15:58:03.348553+00,,
a2ad351e-3e06-4f06-8a9f-d40270e71c7c,c1ea2000-0000-0000-0000-000000000001,2ebed895-2965-40ee-ad64-60ee32c7bf77,c1ea2000-0000-0000-0000-000000000031,c1ea2000-0000-0000-0000-000000000004,enrolled,2025-10-14 09:13:32.667898+00,,
a48cd45a-3815-47df-a052-8855d948cf1c,c1ea2000-0000-0000-0000-000000000001,e893279e-8af0-4e98-904b-9d857659b027,c1ea2000-0000-0000-0000-000000000030,c1ea2000-0000-0000-0000-000000000004,active,2025-11-27 16:19:40.23423+00,,
a51040d6-8220-4476-a912-cf399e741a26,c1ea2000-0000-0000-0000-000000000001,c6a966fd-ef23-4543-b8a7-7e87d7a7511f,c1ea2000-0000-0000-0000-000000000022,c1ea2000-0000-0000-0000-000000000003,active,2025-09-28 15:58:21.085628+00,,
a6643d7d-922a-4180-bc6d-d7c347f90aeb,c1ea2000-0000-0000-0000-000000000001,71f87d1a-962a-430c-9d93-0508bd4a3ff9,c1ea2000-0000-0000-0000-000000000012,c1ea2000-0000-0000-0000-000000000002,enrolled,2025-04-16 14:14:49.254038+00,,
a69f3a18-ac70-42da-bb14-dbc87edfb7bb,c1ea2000-0000-0000-0000-000000000001,d4c77799-6f35-493b-a520-84d925f6aab0,c1ea2000-0000-0000-0000-000000000011,c1ea2000-0000-0000-0000-000000000002,active,2025-08-30 00:10:23.256623+00,,
a6ea42b3-e5d5-4a09-aa9c-5765f239c201,c1ea2000-0000-0000-0000-000000000001,cdd50f75-5304-4637-8919-05528ef794ad,c1ea2000-0000-0000-0000-000000000022,c1ea2000-0000-0000-0000-000000000003,completed,2025-10-26 08:47:32.880724+00,2026-02-08 00:56:27.845926+00,
a6f90bf4-da68-4d1b-966e-2d6a5e504f3c,c1ea2000-0000-0000-0000-000000000001,5200dbb8-6314-47a8-9012-e556a328ccc8,c1ea2000-0000-0000-0000-000000000022,c1ea2000-0000-0000-0000-000000000003,active,2025-10-27 16:20:14.594338+00,,
a9721576-4f7b-4709-a597-9e8c770159f7,c1ea2000-0000-0000-0000-000000000001,8ebb2cfa-75af-4300-8f74-f0ffb79fe8d3,c1ea2000-0000-0000-0000-000000000013,c1ea2000-0000-0000-0000-000000000002,completed,2025-05-04 20:56:15.896002+00,2026-02-24 22:13:06.538733+00,
aad97671-39ae-4e93-ab91-216afe2aed4d,c1ea2000-0000-0000-0000-000000000001,9e7deb5c-26ff-4093-b1fd-a7b2dcbe2fab,c1ea2000-0000-0000-0000-000000000030,c1ea2000-0000-0000-0000-000000000004,enrolled,2025-09-19 00:21:14.062136+00,,
ab1b74c1-2a41-4b03-920d-b55f8e12dc3c,c1ea2000-0000-0000-0000-000000000001,66d7efcf-ed7e-40ed-90ac-03e360163877,c1ea2000-0000-0000-0000-000000000013,c1ea2000-0000-0000-0000-000000000002,completed,2025-04-12 23:13:11.965366+00,2026-02-27 07:14:03.873101+00,
ab2a8088-d8f4-4e59-8c5c-25653bff1e07,c1ea2000-0000-0000-0000-000000000001,193314ed-041c-4a04-b159-390154baa8b3,c1ea2000-0000-0000-0000-000000000010,c1ea2000-0000-0000-0000-000000000002,completed,2025-08-10 20:04:40.02456+00,2026-03-01 04:03:58.770584+00,
ab94db4f-530a-496a-a515-da35a5f70b7c,c1ea2000-0000-0000-0000-000000000001,723ae016-9932-4e76-982b-7043db496757,c1ea2000-0000-0000-0000-000000000011,c1ea2000-0000-0000-0000-000000000002,enrolled,2025-09-20 06:37:58.402829+00,,
acaa5339-1b72-4360-8e69-3042893497e4,c1ea2000-0000-0000-0000-000000000001,a1672be4-068e-4ae7-aa1a-6cf2f8cc5ad4,c1ea2000-0000-0000-0000-000000000010,c1ea2000-0000-0000-0000-000000000002,completed,2025-11-16 11:45:07.11512+00,2025-12-29 02:00:32.054499+00,
ad40831a-3ba8-4cfc-9a8f-b60540786f8a,c1ea2000-0000-0000-0000-000000000001,319376b8-c0d0-4630-87b4-08e033eaf6b7,c1ea2000-0000-0000-0000-000000000020,c1ea2000-0000-0000-0000-000000000003,completed,2026-02-14 16:06:39.991162+00,2026-01-05 19:11:04.962788+00,
ad7de6f4-451e-46f1-b12f-fb6fb4735361,c1ea2000-0000-0000-0000-000000000001,c483495e-4bd1-40c4-9bf1-4ea00d40d475,c1ea2000-0000-0000-0000-000000000030,c1ea2000-0000-0000-0000-000000000004,enrolled,2026-03-08 18:55:36.294585+00,,
af6d0ef8-c40d-4690-ab4a-ab6815b232f8,c1ea2000-0000-0000-0000-000000000001,8135d7f8-5ee6-448d-bcdb-865e19a086ba,c1ea2000-0000-0000-0000-000000000010,c1ea2000-0000-0000-0000-000000000002,completed,2025-06-01 01:52:38.192+00,2026-03-03 16:19:59.679622+00,
affd7169-a27a-4371-8970-65c1647af153,c1ea2000-0000-0000-0000-000000000001,5c630123-ce2c-4d0d-b944-73e88f17038f,c1ea2000-0000-0000-0000-000000000012,c1ea2000-0000-0000-0000-000000000002,enrolled,2025-04-09 06:29:54.102619+00,,
b0591591-5ec8-450c-8468-c003a173bcb1,c1ea2000-0000-0000-0000-000000000001,9c55b7cf-f815-4445-b515-ed0d97779ed9,c1ea2000-0000-0000-0000-000000000013,c1ea2000-0000-0000-0000-000000000002,completed,2026-03-16 02:42:33.851026+00,2026-01-03 22:26:46.410952+00,
b05f46e8-0c89-4247-9d15-6fe6dace6b2a,c1ea2000-0000-0000-0000-000000000001,7b73302d-daca-4d61-8fe7-6e5274707db9,c1ea2000-0000-0000-0000-000000000031,c1ea2000-0000-0000-0000-000000000004,enrolled,2025-05-13 08:17:49.108225+00,,
b18450da-72ed-4ac8-a998-c4e9bfbf8d0e,c1ea2000-0000-0000-0000-000000000001,2d3ddf43-4e89-4199-b434-1c13bb30c524,c1ea2000-0000-0000-0000-000000000020,c1ea2000-0000-0000-0000-000000000003,enrolled,2025-09-05 19:30:35.755415+00,,
b1c0babf-7b39-4b3d-b020-4b8db1d0fbac,c1ea2000-0000-0000-0000-000000000001,ef238c25-3ad9-4e1e-ade1-b7babba25fbc,c1ea2000-0000-0000-0000-000000000011,c1ea2000-0000-0000-0000-000000000002,active,2025-08-29 07:52:27.25997+00,,
b278c310-8f81-4d22-ba0d-a12dbab94783,c1ea2000-0000-0000-0000-000000000001,0a2955b9-94df-4122-b25b-3f9ac41f4908,c1ea2000-0000-0000-0000-000000000011,c1ea2000-0000-0000-0000-000000000002,active,2025-12-03 15:58:55.24617+00,,
b39b8d83-2ccd-4d4e-b905-32d326a056f4,c1ea2000-0000-0000-0000-000000000001,03848e01-efbe-4c66-a39e-b2ba83890a34,c1ea2000-0000-0000-0000-000000000022,c1ea2000-0000-0000-0000-000000000003,active,2025-10-22 09:58:07.150556+00,,
b3d671c0-7a9b-4aee-923d-a8ee090521d9,c1ea2000-0000-0000-0000-000000000001,9f069257-1e30-4706-928f-8957eb710bd5,c1ea2000-0000-0000-0000-000000000030,c1ea2000-0000-0000-0000-000000000004,completed,2025-08-03 22:22:56.618958+00,2026-02-25 15:16:22.254687+00,
b4521392-743a-4acf-871a-fb554e1b14b6,c1ea2000-0000-0000-0000-000000000001,45dd4209-df44-4837-bcdc-30c02e1b3e34,c1ea2000-0000-0000-0000-000000000012,c1ea2000-0000-0000-0000-000000000002,enrolled,2025-03-30 19:09:47.217509+00,,
b4c06683-2dc9-4fc9-85b3-c7f4563b159b,c1ea2000-0000-0000-0000-000000000001,e83eaf14-c744-4244-b307-0344f42d105b,c1ea2000-0000-0000-0000-000000000010,c1ea2000-0000-0000-0000-000000000002,withdrawn,2025-05-02 14:13:55.092536+00,,
b57df83b-10a7-4a90-af0f-17dd868f687a,c1ea2000-0000-0000-0000-000000000001,aec3508d-ae2e-4371-8e29-a88eaf515986,c1ea2000-0000-0000-0000-000000000010,c1ea2000-0000-0000-0000-000000000002,completed,2026-02-06 12:48:03.834803+00,2026-01-18 05:59:25.590455+00,
b586ae4f-c5a7-406b-a3b6-48309f1dbe0c,c1ea2000-0000-0000-0000-000000000001,d66870c6-d498-4fb9-9767-1b4984c182e2,c1ea2000-0000-0000-0000-000000000011,c1ea2000-0000-0000-0000-000000000002,withdrawn,2025-05-01 08:58:52.138528+00,,
b5ba4dc0-6fed-4882-ab3e-9ecae853254e,c1ea2000-0000-0000-0000-000000000001,df0d0240-d8b9-4666-9c0e-67b0c3ee7b99,c1ea2000-0000-0000-0000-000000000010,c1ea2000-0000-0000-0000-000000000002,active,2025-10-14 06:18:25.591059+00,,
b7ce8416-7649-4a91-8a5a-d22a97976b75,c1ea2000-0000-0000-0000-000000000001,5e912276-3558-4c79-9216-bc80e3274d1d,c1ea2000-0000-0000-0000-000000000011,c1ea2000-0000-0000-0000-000000000002,withdrawn,2025-12-23 22:34:28.400502+00,,
b8515ca4-d2dd-4c7c-a14c-ed755d621f64,c1ea2000-0000-0000-0000-000000000001,37bbe385-f8fc-409e-b4f4-225cdcfbf12d,c1ea2000-0000-0000-0000-000000000012,c1ea2000-0000-0000-0000-000000000002,completed,2025-09-21 13:15:24.493794+00,2026-01-05 10:24:24.448722+00,
b854fb21-dab5-48c7-bc07-d699723487f9,c1ea2000-0000-0000-0000-000000000001,f9241e6d-84d5-45f1-8bd1-9cfab0d97cc0,c1ea2000-0000-0000-0000-000000000030,c1ea2000-0000-0000-0000-000000000004,enrolled,2025-12-08 10:04:08.627415+00,,
b8f4780c-166a-4edd-9067-0660ef618622,c1ea2000-0000-0000-0000-000000000001,95a932cf-5cd0-4a12-844f-fb13f135981f,c1ea2000-0000-0000-0000-000000000030,c1ea2000-0000-0000-0000-000000000004,enrolled,2026-01-27 18:19:38.162603+00,,
b922f78c-2848-4154-9cc9-1ae9a96d488b,c1ea2000-0000-0000-0000-000000000001,1d78c997-f90f-4fbf-a670-b77de537f07c,c1ea2000-0000-0000-0000-000000000021,c1ea2000-0000-0000-0000-000000000003,enrolled,2025-06-08 01:53:03.547071+00,,
b98cd24c-10d1-474f-bf15-48f742264cc1,c1ea2000-0000-0000-0000-000000000001,bb95aa05-6d42-43db-a1ca-9e1105ff85f8,c1ea2000-0000-0000-0000-000000000022,c1ea2000-0000-0000-0000-000000000003,active,2025-04-05 15:46:15.903016+00,,
baa5c666-b36d-450e-90a0-eed061b69279,c1ea2000-0000-0000-0000-000000000001,d73b7515-7b79-46f9-8a88-02a7ef605a32,c1ea2000-0000-0000-0000-000000000011,c1ea2000-0000-0000-0000-000000000002,active,2025-11-28 15:42:15.423697+00,,
bb2d157e-bc85-4c34-9f71-f22636052723,c1ea2000-0000-0000-0000-000000000001,a47bab90-9ea0-4aa6-966f-fe7b78681984,c1ea2000-0000-0000-0000-000000000011,c1ea2000-0000-0000-0000-000000000002,enrolled,2025-10-12 17:23:44.925464+00,,
bb5b9834-d342-45c3-a3a4-c7b586c51acd,c1ea2000-0000-0000-0000-000000000001,29abca94-c517-4e85-8c88-c2802a8a22e4,c1ea2000-0000-0000-0000-000000000012,c1ea2000-0000-0000-0000-000000000002,completed,2025-10-01 04:52:34.470343+00,2026-02-10 02:42:16.425271+00,
bd3c2bbf-9109-41a7-9c5b-54d3efcc35ac,c1ea2000-0000-0000-0000-000000000001,b7d29017-3001-4485-b672-b3a2d899fc90,c1ea2000-0000-0000-0000-000000000010,c1ea2000-0000-0000-0000-000000000002,active,2025-09-01 09:02:54.868237+00,,
be524d32-35da-445d-a39f-78fd4d0db943,c1ea2000-0000-0000-0000-000000000001,e2a9c686-8e18-449a-bc9a-d19e9f5a9c32,c1ea2000-0000-0000-0000-000000000031,c1ea2000-0000-0000-0000-000000000004,active,2025-12-01 07:28:33.584953+00,,
c0511278-2f89-4cfb-ac50-764d13543fd7,c1ea2000-0000-0000-0000-000000000001,796f5fbe-9d22-4ecc-a8cc-b2f715ef4730,c1ea2000-0000-0000-0000-000000000010,c1ea2000-0000-0000-0000-000000000002,enrolled,2025-08-30 21:48:23.966818+00,,
c137e109-e0b5-4a00-a8b4-f97c56a97ee3,c1ea2000-0000-0000-0000-000000000001,6d990c45-7ed8-4b07-bef4-c309c9c5e539,c1ea2000-0000-0000-0000-000000000030,c1ea2000-0000-0000-0000-000000000004,enrolled,2026-01-16 20:32:21.022615+00,,
c196c44f-9ad7-4849-978a-d96cfc7d6d02,c1ea2000-0000-0000-0000-000000000001,fc73fc86-45b4-439d-86d8-efa2d5ee9ecf,c1ea2000-0000-0000-0000-000000000011,c1ea2000-0000-0000-0000-000000000002,enrolled,2025-08-06 23:39:00.809134+00,,
c1dfe4ab-1fad-4f9a-9d68-6d3b6bfbf726,c1ea2000-0000-0000-0000-000000000001,d9acf550-bd9f-4116-91ed-f439e66180c2,c1ea2000-0000-0000-0000-000000000012,c1ea2000-0000-0000-0000-000000000002,enrolled,2025-11-06 12:06:38.865789+00,,
c243b0c4-84d9-4724-a320-8e8963195b78,c1ea2000-0000-0000-0000-000000000001,43671cfc-ebb0-43fe-8fa0-e4d98d591c68,c1ea2000-0000-0000-0000-000000000011,c1ea2000-0000-0000-0000-000000000002,enrolled,2025-07-30 13:07:29.587845+00,,
c374e112-2d83-4a18-8452-795792d22cd2,c1ea2000-0000-0000-0000-000000000001,2d98ef62-1f2a-4a40-82bf-c7dc3801e02d,c1ea2000-0000-0000-0000-000000000030,c1ea2000-0000-0000-0000-000000000004,completed,2026-02-12 11:35:17.150152+00,2025-12-27 11:12:39.063712+00,
c401d54d-8d06-41cf-a20c-e4354b92fcc4,c1ea2000-0000-0000-0000-000000000001,8d0cca83-2719-4c76-9536-8720b7ba7554,c1ea2000-0000-0000-0000-000000000030,c1ea2000-0000-0000-0000-000000000004,completed,2025-06-20 12:20:35.879876+00,2026-03-24 03:23:43.081527+00,
c4b7425e-54f4-45ee-8e8a-79028c3350a9,c1ea2000-0000-0000-0000-000000000001,146b4836-2691-42f2-854b-028dafc5784a,c1ea2000-0000-0000-0000-000000000031,c1ea2000-0000-0000-0000-000000000004,enrolled,2026-02-19 15:42:21.917392+00,,
c54f4fec-f203-4526-af93-72bbcec7e5cc,c1ea2000-0000-0000-0000-000000000001,c18fa1b5-6a5c-4877-8fbe-d39df6619ccb,c1ea2000-0000-0000-0000-000000000010,c1ea2000-0000-0000-0000-000000000002,completed,2025-05-04 21:27:20.623368+00,2026-01-20 20:45:18.627115+00,
c632aed7-70c5-48b1-95bb-96b804d93e6d,c1ea2000-0000-0000-0000-000000000001,44ad9631-25ed-409b-8eab-94d8b4365106,c1ea2000-0000-0000-0000-000000000011,c1ea2000-0000-0000-0000-000000000002,withdrawn,2026-03-11 00:15:50.854459+00,,
c691a363-f835-4f1a-bb27-38b99375f022,c1ea2000-0000-0000-0000-000000000001,c6e637a0-cbe6-40dd-b88c-fe499f306e96,c1ea2000-0000-0000-0000-000000000011,c1ea2000-0000-0000-0000-000000000002,withdrawn,2025-11-02 01:43:11.023474+00,,
c697f64b-2179-4e75-a365-ec9c25d6a515,c1ea2000-0000-0000-0000-000000000001,95e05f21-ce35-4921-8cb2-9498ddf8c250,c1ea2000-0000-0000-0000-000000000011,c1ea2000-0000-0000-0000-000000000002,withdrawn,2025-09-07 03:25:18.6852+00,,
c75e099a-a024-44e2-b917-32d7f5183c44,c1ea2000-0000-0000-0000-000000000001,4df4b15a-6826-4fea-ab94-fe09aced8afc,c1ea2000-0000-0000-0000-000000000020,c1ea2000-0000-0000-0000-000000000003,enrolled,2026-01-04 03:42:50.678477+00,,
c8746088-039a-4d5a-9752-ef84dede1b22,c1ea2000-0000-0000-0000-000000000001,94e345ba-6a40-4ca4-a79f-35016fa4f25f,c1ea2000-0000-0000-0000-000000000011,c1ea2000-0000-0000-0000-000000000002,active,2025-11-05 14:52:42.216911+00,,
c8828939-35ea-4f41-81c5-9acb8c032097,c1ea2000-0000-0000-0000-000000000001,63656108-7274-452e-a605-5e8f6bf27a7a,c1ea2000-0000-0000-0000-000000000020,c1ea2000-0000-0000-0000-000000000003,active,2026-01-21 19:46:59.719428+00,,
c9183b01-2c79-4160-bfac-524a75409495,c1ea2000-0000-0000-0000-000000000001,38568808-d06a-4e71-8bf0-8bd53c453bac,c1ea2000-0000-0000-0000-000000000031,c1ea2000-0000-0000-0000-000000000004,active,2025-10-04 10:19:12.026542+00,,
c93d0a81-0217-4aaf-95fa-c676d625d8c1,c1ea2000-0000-0000-0000-000000000001,bc39badd-1116-4e9e-a630-4cbb59815f5d,c1ea2000-0000-0000-0000-000000000021,c1ea2000-0000-0000-0000-000000000003,enrolled,2025-05-17 17:53:50.503408+00,,
c951fcbc-7288-4e8b-a961-6e89bad93567,c1ea2000-0000-0000-0000-000000000001,15f59c58-e699-445b-b467-65c946b3b8ef,c1ea2000-0000-0000-0000-000000000010,c1ea2000-0000-0000-0000-000000000002,withdrawn,2025-09-06 10:29:20.392015+00,,
c9649c3c-4cbd-4b5f-98f8-75f61e1f173e,c1ea2000-0000-0000-0000-000000000001,b42a65d4-4963-4f6c-aab8-3ca63e8f5774,c1ea2000-0000-0000-0000-000000000031,c1ea2000-0000-0000-0000-000000000004,enrolled,2025-04-24 23:43:18.777833+00,,
c9e0bc40-ad94-406f-8dc6-1380da076417,c1ea2000-0000-0000-0000-000000000001,65028382-db27-453a-8e7d-ab0d8e2ab674,c1ea2000-0000-0000-0000-000000000022,c1ea2000-0000-0000-0000-000000000003,completed,2026-03-16 17:01:17.768201+00,2026-01-07 15:28:13.299389+00,
ca4dd143-5fad-4f6a-a2bc-9b70dab800ca,c1ea2000-0000-0000-0000-000000000001,662d9381-1507-462d-88e3-56fea8c7935e,c1ea2000-0000-0000-0000-000000000020,c1ea2000-0000-0000-0000-000000000003,enrolled,2026-02-20 23:56:12.624236+00,,
caccc8e9-b59d-4e44-8423-5b7994e522c7,c1ea2000-0000-0000-0000-000000000001,bac5b924-190e-4636-a7db-041ff582d7c8,c1ea2000-0000-0000-0000-000000000013,c1ea2000-0000-0000-0000-000000000002,active,2026-02-20 20:18:38.106528+00,,
cc109442-54c4-4020-b6d0-4ccd10b38508,c1ea2000-0000-0000-0000-000000000001,cbf97ba0-aff0-4b83-b668-ab3f99ae9a7a,c1ea2000-0000-0000-0000-000000000013,c1ea2000-0000-0000-0000-000000000002,completed,2026-01-11 08:38:30.098582+00,2026-03-04 14:24:58.944779+00,
cd33e6cf-3a17-4185-8d30-e7d8854dc5af,c1ea2000-0000-0000-0000-000000000001,9d43637a-d30c-4672-a63a-798b3527c17f,c1ea2000-0000-0000-0000-000000000030,c1ea2000-0000-0000-0000-000000000004,enrolled,2025-07-06 08:37:36.132231+00,,
cd9142c9-0b8f-48ef-91b7-84be11944f00,c1ea2000-0000-0000-0000-000000000001,18872d03-d569-4b06-a0e0-b52e95ba26a7,c1ea2000-0000-0000-0000-000000000020,c1ea2000-0000-0000-0000-000000000003,completed,2025-10-24 07:33:33.602961+00,2026-01-10 09:14:46.944303+00,
cdd9db63-3b1b-4088-8d55-5521ee8c352a,c1ea2000-0000-0000-0000-000000000001,87aa7e41-4b44-468c-b82f-267499b19117,c1ea2000-0000-0000-0000-000000000031,c1ea2000-0000-0000-0000-000000000004,active,2025-05-31 02:18:35.764849+00,,
cdf4243a-08c9-49b0-a60c-8ee9547b23b7,c1ea2000-0000-0000-0000-000000000001,a0d88046-6750-472f-be9c-18c887ad26b5,c1ea2000-0000-0000-0000-000000000022,c1ea2000-0000-0000-0000-000000000003,completed,2025-08-27 20:17:29.330322+00,2026-02-21 04:41:26.640634+00,
ce4966fd-37ce-41fd-bd59-6a203581b1d4,c1ea2000-0000-0000-0000-000000000001,afb79491-c4c9-47ee-a502-2cbafb9d8eab,c1ea2000-0000-0000-0000-000000000020,c1ea2000-0000-0000-0000-000000000003,completed,2025-10-17 00:00:03.6484+00,2026-03-07 12:03:14.919596+00,
d12141b9-eca3-47c8-b116-5bc9a2dcd968,c1ea2000-0000-0000-0000-000000000001,348d4666-fbda-4d79-8f0c-6b6ac7116fda,c1ea2000-0000-0000-0000-000000000031,c1ea2000-0000-0000-0000-000000000004,enrolled,2025-05-28 19:57:25.306055+00,,
d1349402-c3c9-4309-aa7a-44b0654ea0e4,c1ea2000-0000-0000-0000-000000000001,93428dae-d017-45ca-8531-2b7fe018db81,c1ea2000-0000-0000-0000-000000000011,c1ea2000-0000-0000-0000-000000000002,completed,2026-02-04 11:30:15.357853+00,2026-02-28 05:36:36.175044+00,
d138a8c4-6c97-4ffd-93d1-fb44d8f75e73,c1ea2000-0000-0000-0000-000000000001,30ed60ed-7d3e-4872-840b-69074da06819,c1ea2000-0000-0000-0000-000000000012,c1ea2000-0000-0000-0000-000000000002,enrolled,2026-02-21 06:13:10.860778+00,,
d19c9df7-cffd-4b7e-90b2-2d94d5d5f048,c1ea2000-0000-0000-0000-000000000001,ec3fd880-2ccf-400d-a268-4dcb20db0d7d,c1ea2000-0000-0000-0000-000000000022,c1ea2000-0000-0000-0000-000000000003,active,2025-12-02 02:11:35.471253+00,,
d19f506b-1e74-46a0-a3a1-8844331ab16b,c1ea2000-0000-0000-0000-000000000001,06a13fe0-c59f-4c0b-9cca-5de37c4cdb79,c1ea2000-0000-0000-0000-000000000031,c1ea2000-0000-0000-0000-000000000004,enrolled,2025-12-05 16:48:21.071427+00,,
d5242084-0422-460b-9030-5e22425dbf66,c1ea2000-0000-0000-0000-000000000001,6538055f-6ea2-4c06-9029-ff0af5471053,c1ea2000-0000-0000-0000-000000000021,c1ea2000-0000-0000-0000-000000000003,active,2026-02-06 08:52:14.147211+00,,
d607bd4a-1a31-4a31-93b2-0e9b8ce8037a,c1ea2000-0000-0000-0000-000000000001,5806e914-635c-4a7b-a014-197688fd191b,c1ea2000-0000-0000-0000-000000000020,c1ea2000-0000-0000-0000-000000000003,completed,2025-07-09 14:05:16.341087+00,2026-01-13 03:46:03.216108+00,
d755d272-a65d-49fb-9a30-bd531829c5c7,c1ea2000-0000-0000-0000-000000000001,d7530946-7eb5-49b8-a8ea-2f662f018217,c1ea2000-0000-0000-0000-000000000030,c1ea2000-0000-0000-0000-000000000004,active,2025-05-20 04:15:55.557341+00,,
d83af8ad-6c27-47f1-839c-39f0f044627a,c1ea2000-0000-0000-0000-000000000001,32222647-c0f3-41b4-9e13-47e9e76be8b3,c1ea2000-0000-0000-0000-000000000013,c1ea2000-0000-0000-0000-000000000002,completed,2025-07-25 04:44:16.47622+00,2026-03-23 23:07:43.322257+00,
db846f2e-8846-4afd-87e9-ad20d13698f6,c1ea2000-0000-0000-0000-000000000001,8135d7f8-5ee6-448d-bcdb-865e19a086ba,c1ea2000-0000-0000-0000-000000000012,c1ea2000-0000-0000-0000-000000000002,completed,2025-05-29 02:50:56.869083+00,2026-02-23 13:54:31.841005+00,
dbd5526b-7873-4c35-afc1-db68d5e2e133,c1ea2000-0000-0000-0000-000000000001,c29cc2e7-c283-4fd6-a112-87ceb5b8a469,c1ea2000-0000-0000-0000-000000000010,c1ea2000-0000-0000-0000-000000000002,completed,2025-12-17 03:24:23.330568+00,2026-03-22 20:08:13.184081+00,
dc3b0982-dcac-4f8d-9629-ca6923d65126,c1ea2000-0000-0000-0000-000000000001,707cde1c-544d-4621-819c-afde5d54f2b2,c1ea2000-0000-0000-0000-000000000012,c1ea2000-0000-0000-0000-000000000002,completed,2026-01-22 02:22:40.27222+00,2026-01-26 19:46:20.590827+00,
dc6c2cd5-92e6-47bf-b25d-d7639493ca45,c1ea2000-0000-0000-0000-000000000001,e028672f-e3f2-4202-9d00-c2b8806b60a3,c1ea2000-0000-0000-0000-000000000020,c1ea2000-0000-0000-0000-000000000003,active,2025-06-04 04:23:29.820054+00,,
dda85242-2c9a-4e05-ac00-3488feb29933,c1ea2000-0000-0000-0000-000000000001,03ed6f44-68b3-4ea1-aff8-c5051162c1a7,c1ea2000-0000-0000-0000-000000000021,c1ea2000-0000-0000-0000-000000000003,active,2025-05-14 10:16:37.411947+00,,
ddde413a-49ff-40ef-a294-9415da4c9c9e,c1ea2000-0000-0000-0000-000000000001,5e912276-3558-4c79-9216-bc80e3274d1d,c1ea2000-0000-0000-0000-000000000012,c1ea2000-0000-0000-0000-000000000002,enrolled,2026-02-11 01:14:02.206516+00,,
de901e88-365d-48c6-9af1-084f6a4ec5f0,c1ea2000-0000-0000-0000-000000000001,9f069257-1e30-4706-928f-8957eb710bd5,c1ea2000-0000-0000-0000-000000000022,c1ea2000-0000-0000-0000-000000000003,completed,2026-03-22 04:19:41.679014+00,2026-02-23 04:05:41.782447+00,
de902439-3e59-493c-a2c2-d0d283137cb2,c1ea2000-0000-0000-0000-000000000001,351899f9-8fad-47d2-846d-0eff47d72fc7,c1ea2000-0000-0000-0000-000000000020,c1ea2000-0000-0000-0000-000000000003,enrolled,2025-07-11 05:43:51.695326+00,,
e0787958-6dc5-4dfb-884d-9d430c7f9d17,c1ea2000-0000-0000-0000-000000000001,5806e914-635c-4a7b-a014-197688fd191b,c1ea2000-0000-0000-0000-000000000011,c1ea2000-0000-0000-0000-000000000002,enrolled,2025-09-13 18:39:38.957359+00,,
e1239b02-1228-426c-b55c-448c9d38891a,c1ea2000-0000-0000-0000-000000000001,37bbe385-f8fc-409e-b4f4-225cdcfbf12d,c1ea2000-0000-0000-0000-000000000013,c1ea2000-0000-0000-0000-000000000002,completed,2025-12-28 04:51:15.725347+00,2026-01-22 16:43:01.481452+00,
e2616996-a700-4c7c-b3b0-f5f2f4cda570,c1ea2000-0000-0000-0000-000000000001,13406acd-7934-4d5b-bb87-c8f0a4839e8e,c1ea2000-0000-0000-0000-000000000011,c1ea2000-0000-0000-0000-000000000002,enrolled,2025-04-08 23:20:09.240552+00,,
e39e69fb-65b2-4577-9e84-8ff7ad7a4954,c1ea2000-0000-0000-0000-000000000001,afb79491-c4c9-47ee-a502-2cbafb9d8eab,c1ea2000-0000-0000-0000-000000000030,c1ea2000-0000-0000-0000-000000000004,completed,2026-01-03 10:58:27.841444+00,2026-02-22 00:19:15.337191+00,
e3fef90a-f65d-4926-9b66-2c517404586c,c1ea2000-0000-0000-0000-000000000001,ec3fd880-2ccf-400d-a268-4dcb20db0d7d,c1ea2000-0000-0000-0000-000000000030,c1ea2000-0000-0000-0000-000000000004,active,2025-07-17 01:26:59.034787+00,,
e5e5dead-6ad9-427f-b570-83b018330918,c1ea2000-0000-0000-0000-000000000001,a6ef26de-040f-4bec-a2e2-207b9edbb31e,c1ea2000-0000-0000-0000-000000000030,c1ea2000-0000-0000-0000-000000000004,active,2025-04-23 09:31:51.116079+00,,
e6671082-593d-4820-8d93-019363855cd6,c1ea2000-0000-0000-0000-000000000001,29abca94-c517-4e85-8c88-c2802a8a22e4,c1ea2000-0000-0000-0000-000000000011,c1ea2000-0000-0000-0000-000000000002,completed,2025-08-04 23:05:13.32982+00,2026-01-02 22:30:36.891751+00,
e705cd9f-df28-450c-b90d-dcdde0678866,c1ea2000-0000-0000-0000-000000000001,cdf095c6-4902-470f-bcb8-5168af599a3a,c1ea2000-0000-0000-0000-000000000012,c1ea2000-0000-0000-0000-000000000002,enrolled,2025-08-18 05:18:09.241343+00,,
e71bb074-22e6-4f37-8604-842375bacf1c,c1ea2000-0000-0000-0000-000000000001,3eefb775-19d2-4d0f-b5e0-52605d5faf4b,c1ea2000-0000-0000-0000-000000000021,c1ea2000-0000-0000-0000-000000000003,enrolled,2025-04-18 22:34:04.554033+00,,
e7739873-f2d6-4a48-80b1-b5f1e40e0bf4,c1ea2000-0000-0000-0000-000000000001,03848e01-efbe-4c66-a39e-b2ba83890a34,c1ea2000-0000-0000-0000-000000000010,c1ea2000-0000-0000-0000-000000000002,completed,2025-03-31 10:28:33.544301+00,2026-03-18 07:23:34.92831+00,
e797b28f-1852-4494-86aa-3dc3e286b575,c1ea2000-0000-0000-0000-000000000001,18872d03-d569-4b06-a0e0-b52e95ba26a7,c1ea2000-0000-0000-0000-000000000030,c1ea2000-0000-0000-0000-000000000004,enrolled,2026-03-02 01:00:52.508552+00,,
e8aa425a-f1ac-40e1-99d1-279784cbb8ed,c1ea2000-0000-0000-0000-000000000001,37eb403a-3b59-4e6f-bff7-029cd9497d1e,c1ea2000-0000-0000-0000-000000000030,c1ea2000-0000-0000-0000-000000000004,enrolled,2025-05-05 21:11:18.881985+00,,
e98bcc54-be35-4f30-85d7-ad7af24b5c10,c1ea2000-0000-0000-0000-000000000001,45dd4209-df44-4837-bcdc-30c02e1b3e34,c1ea2000-0000-0000-0000-000000000011,c1ea2000-0000-0000-0000-000000000002,withdrawn,2026-02-03 22:10:21.624235+00,,
ea41f9e5-1c72-4594-9ee2-82327e3994f4,c1ea2000-0000-0000-0000-000000000001,dd2ee02a-7a13-4f23-aa5b-4ce08d72f60f,c1ea2000-0000-0000-0000-000000000013,c1ea2000-0000-0000-0000-000000000002,active,2025-08-01 15:47:47.640219+00,,
ea6ed4ba-e5f2-438d-a01e-a03a048c1d42,c1ea2000-0000-0000-0000-000000000001,348d4666-fbda-4d79-8f0c-6b6ac7116fda,c1ea2000-0000-0000-0000-000000000012,c1ea2000-0000-0000-0000-000000000002,enrolled,2025-08-19 22:04:54.850636+00,,
eb4f5710-6339-489b-b28f-0238235fd23c,c1ea2000-0000-0000-0000-000000000001,4a865d5b-1485-476a-93f9-d84713c2d756,c1ea2000-0000-0000-0000-000000000020,c1ea2000-0000-0000-0000-000000000003,active,2025-08-14 22:26:41.090271+00,,
eb691c78-2ced-4468-8718-6756f1d058f5,c1ea2000-0000-0000-0000-000000000001,5e912276-3558-4c79-9216-bc80e3274d1d,c1ea2000-0000-0000-0000-000000000011,c1ea2000-0000-0000-0000-000000000002,completed,2025-06-18 17:35:43.008728+00,2026-02-05 15:53:01.157271+00,
ecab755e-1ca9-40a8-b512-4b3bad758874,c1ea2000-0000-0000-0000-000000000001,c8928f84-99e2-4228-9845-324babca3c32,c1ea2000-0000-0000-0000-000000000012,c1ea2000-0000-0000-0000-000000000002,completed,2025-06-01 16:23:55.732501+00,2026-02-24 20:10:43.683641+00,
ed9e45bf-05ff-493a-910c-d8bacd8fa777,c1ea2000-0000-0000-0000-000000000001,ff2cd927-a3f5-4436-9b6d-7e6681852cb2,c1ea2000-0000-0000-0000-000000000010,c1ea2000-0000-0000-0000-000000000002,enrolled,2025-04-12 17:03:40.336067+00,,
efc2b985-fbe7-4fd7-bf43-c3b8cc78f1f6,c1ea2000-0000-0000-0000-000000000001,6ca1469f-c999-43f9-a1a2-a5612ebdf899,c1ea2000-0000-0000-0000-000000000021,c1ea2000-0000-0000-0000-000000000003,active,2025-11-24 22:30:29.144628+00,,
f1ca4cc0-e371-48d6-a0e4-7814360f94ff,c1ea2000-0000-0000-0000-000000000001,c8b4bed6-a0b3-449e-b571-e78a3281d224,c1ea2000-0000-0000-0000-000000000020,c1ea2000-0000-0000-0000-000000000003,active,2025-10-22 02:51:17.473431+00,,
f33c1891-a053-4de9-9964-f621ab28923d,c1ea2000-0000-0000-0000-000000000001,63656108-7274-452e-a605-5e8f6bf27a7a,c1ea2000-0000-0000-0000-000000000021,c1ea2000-0000-0000-0000-000000000003,active,2026-01-07 18:28:44.489441+00,,
f39b66a4-5fb1-4b69-91b7-342c7cb52aac,c1ea2000-0000-0000-0000-000000000001,871486ed-5cd3-4403-aec6-66289e61e1b1,c1ea2000-0000-0000-0000-000000000010,c1ea2000-0000-0000-0000-000000000002,enrolled,2026-01-06 11:20:42.654766+00,,
f3bbe22d-5f69-49d4-9d70-ac72a97ddb22,c1ea2000-0000-0000-0000-000000000001,eeb26497-28b9-478d-97ad-75b4af60bce9,c1ea2000-0000-0000-0000-000000000022,c1ea2000-0000-0000-0000-000000000003,active,2025-03-31 05:57:38.870834+00,,
f3c61997-f486-4cc3-b1ad-29349348053a,c1ea2000-0000-0000-0000-000000000001,65d02092-5b90-428c-9a2c-2012c3428ba6,c1ea2000-0000-0000-0000-000000000013,c1ea2000-0000-0000-0000-000000000002,completed,2025-08-05 13:01:34.630033+00,2026-02-14 12:48:57.926403+00,
f47e3aaf-9829-4537-b357-efd0efc7c5df,c1ea2000-0000-0000-0000-000000000001,78352294-8849-4140-8b07-c66c5c71ba50,c1ea2000-0000-0000-0000-000000000030,c1ea2000-0000-0000-0000-000000000004,enrolled,2025-08-28 16:08:18.509638+00,,
f48c0009-b355-4afc-97eb-4a861e20fd5e,c1ea2000-0000-0000-0000-000000000001,0b40d836-ff50-4306-82cd-a0409e27d9e5,c1ea2000-0000-0000-0000-000000000020,c1ea2000-0000-0000-0000-000000000003,enrolled,2025-12-15 14:22:47.205321+00,,
f4fcb860-393b-49e8-9d4c-f94eb5f9b7a3,c1ea2000-0000-0000-0000-000000000001,0cb40a81-0f84-4934-a4ad-886fc7bf7743,c1ea2000-0000-0000-0000-000000000011,c1ea2000-0000-0000-0000-000000000002,withdrawn,2026-02-19 22:03:25.2865+00,,
f568acb5-48fd-482e-8242-64a16f1f2666,c1ea2000-0000-0000-0000-000000000001,c29cc2e7-c283-4fd6-a112-87ceb5b8a469,c1ea2000-0000-0000-0000-000000000022,c1ea2000-0000-0000-0000-000000000003,completed,2025-09-11 04:48:45.616766+00,2026-03-11 02:13:14.008971+00,
f758a6b4-c812-4745-837d-724832a832fd,c1ea2000-0000-0000-0000-000000000001,a6ef26de-040f-4bec-a2e2-207b9edbb31e,c1ea2000-0000-0000-0000-000000000010,c1ea2000-0000-0000-0000-000000000002,completed,2025-09-20 11:09:31.84464+00,2026-02-03 19:28:27.903785+00,
f82cfa5a-48c4-4534-b531-5ba5e32c1829,c1ea2000-0000-0000-0000-000000000001,0838c389-e7c9-4126-bddf-f0bed418d0a5,c1ea2000-0000-0000-0000-000000000011,c1ea2000-0000-0000-0000-000000000002,active,2025-12-11 16:37:14.722798+00,,
f8b2f67f-45f4-48f9-8b9c-ed284f5b8151,c1ea2000-0000-0000-0000-000000000001,dfbd97d1-d336-465f-b94c-c5db269ee704,c1ea2000-0000-0000-0000-000000000020,c1ea2000-0000-0000-0000-000000000003,completed,2025-09-02 00:03:22.014616+00,2026-01-01 14:36:13.620931+00,
fb37aac7-4d10-4493-aa77-c54c90f8339c,c1ea2000-0000-0000-0000-000000000001,ea4ad733-2ae4-4521-8bd1-5aa5895f08ae,c1ea2000-0000-0000-0000-000000000011,c1ea2000-0000-0000-0000-000000000002,completed,2025-12-08 06:49:14.508129+00,2026-01-25 16:03:06.480774+00,
fb40d43b-ea1f-4270-8cc4-95bca1843085,c1ea2000-0000-0000-0000-000000000001,fe210721-0b34-4e1f-a372-0e981ad2b45e,c1ea2000-0000-0000-0000-000000000022,c1ea2000-0000-0000-0000-000000000003,active,2025-04-19 21:03:38.167712+00,,
fbac74a7-d861-457a-9917-294a40011949,c1ea2000-0000-0000-0000-000000000001,63a3fae7-ddf5-4de6-b072-6e1f343df393,c1ea2000-0000-0000-0000-000000000010,c1ea2000-0000-0000-0000-000000000002,withdrawn,2025-10-23 02:02:12.076139+00,,
fdab9c66-6c46-4397-b2a0-b558aec5daeb,c1ea2000-0000-0000-0000-000000000001,a422db2b-2289-4677-b568-56f2955064cb,c1ea2000-0000-0000-0000-000000000010,c1ea2000-0000-0000-0000-000000000002,withdrawn,2025-08-10 02:22:47.821153+00,,
fe55187f-64a2-49c9-a6df-b694cf89bb44,c1ea2000-0000-0000-0000-000000000001,32222647-c0f3-41b4-9e13-47e9e76be8b3,c1ea2000-0000-0000-0000-000000000012,c1ea2000-0000-0000-0000-000000000002,enrolled,2026-03-21 09:20:57.285532+00,,
ff320073-47ae-4858-ae03-ac40bdb9bcb4,c1ea2000-0000-0000-0000-000000000001,9e7deb5c-26ff-4093-b1fd-a7b2dcbe2fab,c1ea2000-0000-0000-0000-000000000031,c1ea2000-0000-0000-0000-000000000004,enrolled,2025-08-31 22:32:11.623362+00,,
ff5caaaa-69db-4077-af77-fe63ba0beb1b,c1ea2000-0000-0000-0000-000000000001,9cf6ff8b-41f3-4127-8ae5-1416569d2eff,c1ea2000-0000-0000-0000-000000000012,c1ea2000-0000-0000-0000-000000000002,completed,2025-12-06 00:21:19.054146+00,2026-01-11 14:30:45.613724+00,